date,visitors,downloads,installations,28dactive
01/14/2015,16489,1826,570,270
01/15/2015,16362,936,266,104
01/16/2015,16463,188,61,67
01/17/2015,15972,474,112,40
01/18/2015,16659,186,109,32
01/19/2015,15164,1406,283,109
01/20/2015,16021,1104,425,143
01/21/2015,16306,1117,463,141
01/22/2015,15941,743,119,72
01/23/2015,16111,468,91,62
01/24/2015,16870,1178,374,140
01/25/2015,16093,718,148,72
01/26/2015,16079,840,173,124
01/27/2015,15175,246,91,43
01/28/2015,15837,617,114,89
01/29/2015,16014,439,80,50
01/30/2015,16754,1809,268,430
01/31/2015,16716,1484,612,125
02/01/2015,16577,315,97,39
02/02/2015,16320,1360,438,168
02/03/2015,15330,1245,603,128
02/04/2015,16414,1371,444,354
02/05/2015,16736,693,276,89
02/06/2015,17226,985,283,91
02/07/2015,16691,757,194,165
02/08/2015,16667,354,136,49
02/09/2015,16319,804,146,99
02/10/2015,16180,316,150,49
02/11/2015,16932,720,204,136
02/12/2015,16458,1621,517,229
02/13/2015,16527,1302,249,159
02/14/2015,16688,1475,486,242
02/15/2015,16561,1443,614,201
02/16/2015,15817,520,84,69
02/17/2015,16311,1426,310,145
02/18/2015,16780,1173,326,96
02/19/2015,16362,250,91,27
02/20/2015,16636,688,151,78
02/21/2015,16461,1363,537,354
02/22/2015,16728,296,82,34
02/23/2015,15664,1070,461,130
02/24/2015,16367,1245,410,99
02/25/2015,17109,248,87,27
02/26/2015,16809,737,293,170
02/27/2015,16883,1646,539,211
02/28/2015,17394,1987,454,440
03/01/2015,16658,835,424,87
03/02/2015,16608,695,253,123
03/03/2015,16409,435,68,51
03/04/2015,16517,1845,747,352
03/05/2015,16849,1289,327,138
03/06/2015,16582,1418,434,276
03/07/2015,16774,1771,397,298
03/08/2015,17006,1602,544,342
03/09/2015,15995,1511,423,362
03/10/2015,15495,892,409,134
03/11/2015,16868,891,185,104
03/12/2015,16470,1620,516,179
03/13/2015,17353,1663,726,126
03/14/2015,17372,1209,430,73
03/15/2015,17067,986,224,119
03/16/2015,16589,1208,476,146
03/17/2015,15887,1620,238,111
03/18/2015,17097,415,78,29
03/19/2015,17382,1154,508,70
03/20/2015,17136,1318,280,261
03/21/2015,17377,1646,447,298
03/22/2015,16752,650,226,124
03/23/2015,15972,463,187,41
03/24/2015,16014,762,249,61
03/25/2015,16801,729,275,68
03/26/2015,17337,1407,251,233
03/27/2015,17113,1453,541,217
03/28/2015,16991,367,60,35
03/29/2015,16833,895,375,79
03/30/2015,16591,1465,628,211
03/31/2015,16184,1617,540,257
04/01/2015,16919,438,138,69
04/02/2015,16900,1244,333,106
04/03/2015,17461,1376,254,262
04/04/2015,17183,1305,494,282
04/05/2015,17543,1481,302,201
04/06/2015,16918,1464,574,190
04/07/2015,16436,1532,598,205
04/08/2015,17425,1354,331,166
04/09/2015,17318,728,351,158
04/10/2015,17269,1800,304,238
04/11/2015,16976,1454,287,279
04/12/2015,16944,1978,701,217
04/13/2015,16747,818,116,98
04/14/2015,16179,985,415,141
04/15/2015,16661,1451,465,211
04/16/2015,17000,1130,423,147
04/17/2015,17519,593,222,87
04/18/2015,17787,1420,579,139
04/19/2015,17384,1236,225,104
04/20/2015,16972,1778,484,292
04/21/2015,17098,642,180,109
04/22/2015,16710,794,283,126
04/23/2015,17646,600,191,70
04/24/2015,17462,1879,615,180
04/25/2015,17526,802,271,180
04/26/2015,17583,530,229,83
04/27/2015,17285,1249,249,132
04/28/2015,16787,1449,626,240
04/29/2015,17063,943,134,67
04/30/2015,17120,1243,310,119
05/01/2015,17883,866,206,112
05/02/2015,18009,1204,311,75
05/03/2015,17263,1824,785,312
05/04/2015,17326,319,125,44
05/05/2015,17182,1402,295,213
05/06/2015,17042,676,101,72
05/07/2015,17784,362,112,36
05/08/2015,17263,1704,463,129
05/09/2015,17320,1818,342,143
05/10/2015,17148,868,214,90
05/11/2015,17451,1832,402,257
05/12/2015,17065,1863,794,246
05/13/2015,17468,1353,354,108
05/14/2015,17918,910,350,98
05/15/2015,17539,569,180,59
05/16/2015,17565,554,176,66
05/17/2015,17444,1786,653,323
05/18/2015,16283,634,155,53
05/19/2015,16323,1171,397,187
05/20/2015,17696,1596,580,265
05/21/2015,17712,353,144,67
05/22/2015,17692,1479,343,219
05/23/2015,17505,1222,302,223
05/24/2015,17852,763,309,144
05/25/2015,17027,859,449,218
05/26/2015,17116,1675,392,258
05/27/2015,17289,1428,231,279
05/28/2015,17377,1821,737,288
05/29/2015,17548,1385,596,198
05/30/2015,17709,1265,328,143
05/31/2015,17590,567,235,85
06/01/2015,17033,1635,294,151
06/02/2015,16690,1256,411,215
06/03/2015,18033,1138,514,231
06/04/2015,17283,447,212,56
06/05/2015,18356,381,184,103
06/06/2015,17717,825,385,126
06/07/2015,17873,1583,260,358
06/08/2015,16495,1120,515,107
06/09/2015,16369,167,82,59
06/10/2015,17598,1455,329,280
06/11/2015,17610,1169,351,158
06/12/2015,18080,2007,616,324
06/13/2015,18341,579,230,86
06/14/2015,18416,1770,627,360
06/15/2015,17225,787,153,76
06/16/2015,17179,1146,172,237
06/17/2015,18149,1098,196,268
06/18/2015,18154,1269,463,117
06/19/2015,17647,320,67,49
06/20/2015,18562,388,134,63
06/21/2015,18355,268,70,26
06/22/2015,17122,1853,613,189
06/23/2015,17239,358,53,53
06/24/2015,17513,1564,327,231
06/25/2015,17922,1475,235,177
06/26/2015,18158,460,228,46
06/27/2015,18471,471,101,84
06/28/2015,18412,1386,234,129
06/29/2015,17447,1084,381,90
06/30/2015,17393,227,150,26
07/01/2015,18079,1252,231,230
07/02/2015,17863,1237,453,209
07/03/2015,18433,1396,609,351
07/04/2015,18096,1411,368,164
07/05/2015,18419,1049,371,68
07/06/2015,17599,739,127,97
07/07/2015,16954,1844,293,195
07/08/2015,18294,380,91,61
07/09/2015,18353,585,219,53
07/10/2015,18532,1922,370,137
07/11/2015,17837,978,222,134
07/12/2015,18746,304,121,64
07/13/2015,17356,718,262,93
07/14/2015,16831,1206,408,286
07/15/2015,18184,696,210,93
07/16/2015,18274,1014,372,194
07/17/2015,18842,286,107,28
07/18/2015,18442,1694,402,142
07/19/2015,18059,1834,293,149
07/20/2015,17931,1349,473,112
07/21/2015,17794,1136,539,83
07/22/2015,18167,1431,506,284
07/23/2015,18073,388,106,77
07/24/2015,18146,1197,443,137
07/25/2015,18203,1649,419,126
07/26/2015,18168,558,222,91
07/27/2015,16952,1397,514,146
07/28/2015,17588,1837,426,265
07/29/2015,18471,1448,381,350
07/30/2015,18461,997,406,83
07/31/2015,17977,1886,699,113
08/01/2015,18033,965,377,82
08/02/2015,18792,432,93,58
08/03/2015,17279,1195,538,226
08/04/2015,17863,1521,652,86
08/05/2015,18543,2026,370,277
08/06/2015,18215,650,265,80
08/07/2015,18221,1183,454,131
08/08/2015,18681,1472,649,238
08/09/2015,18600,541,244,112
08/10/2015,17579,680,160,78
08/11/2015,17979,1587,435,294
08/12/2015,18261,1043,427,250
08/13/2015,18232,479,57,51
08/14/2015,18160,329,127,74
08/15/2015,18633,757,152,104
08/16/2015,18626,414,141,29
08/17/2015,17789,1100,458,256
08/18/2015,17892,1911,551,428
08/19/2015,18443,565,321,167
08/20/2015,18633,657,200,82
08/21/2015,18360,1465,598,197
08/22/2015,18829,1868,694,175
08/23/2015,18433,2050,300,185
08/24/2015,17347,593,123,82
08/25/2015,17979,609,152,171
08/26/2015,18409,804,172,90
08/27/2015,18194,918,298,100
08/28/2015,19148,547,157,34
08/29/2015,18850,832,329,125
08/30/2015,18664,1418,612,203
08/31/2015,17831,883,279,56
09/01/2015,17698,1333,456,239
09/02/2015,18595,1558,599,369
09/03/2015,19082,1502,655,171
09/04/2015,18887,1959,310,153
09/05/2015,18936,1049,386,143
09/06/2015,18825,2016,362,296
09/07/2015,18543,1248,511,203
09/08/2015,18114,681,256,93
09/09/2015,18589,1183,455,197
09/10/2015,19090,2169,420,342
09/11/2015,18392,2024,478,261
09/12/2015,18838,1238,231,151
09/13/2015,18971,460,155,25
09/14/2015,18117,508,225,118
09/15/2015,17862,1245,468,296
09/16/2015,18599,1113,490,165
09/17/2015,18705,681,187,111
09/18/2015,18767,1468,295,356
09/19/2015,19117,2068,732,174
09/20/2015,18539,1375,473,175
09/21/2015,18668,1605,335,404
09/22/2015,18195,1322,374,214
09/23/2015,18849,309,66,68
09/24/2015,18620,467,162,45
09/25/2015,19147,226,59,67
09/26/2015,19095,1270,299,197
09/27/2015,19402,1295,324,236
09/28/2015,18178,977,152,109
09/29/2015,18351,1237,477,134
09/30/2015,19157,1051,230,142
10/01/2015,18931,875,221,118
10/02/2015,18923,409,167,40
10/03/2015,18871,1645,417,150
10/04/2015,18920,1104,296,111
10/05/2015,18559,1149,321,141
10/06/2015,17889,1686,346,192
10/07/2015,18575,1520,279,136
10/08/2015,19379,1548,548,181
10/09/2015,18913,1028,325,82
10/10/2015,19407,1696,760,272
10/11/2015,19024,1012,307,205
10/12/2015,18026,611,249,80
10/13/2015,18688,795,324,109
10/14/2015,19274,495,210,74
10/15/2015,19466,1837,503,494
10/16/2015,19276,1570,537,133
10/17/2015,18817,1805,672,169
10/18/2015,19574,1040,370,142
10/19/2015,18296,1776,345,275
10/20/2015,18507,399,150,74
10/21/2015,19142,893,287,109
10/22/2015,18726,446,56,31
10/23/2015,19083,1438,419,231
10/24/2015,18978,1138,338,178
10/25/2015,19521,1184,282,194
10/26/2015,18956,1801,345,216
10/27/2015,18222,1792,635,181
10/28/2015,19191,1323,338,256
10/29/2015,19489,1080,360,191
10/30/2015,19486,1657,510,144
10/31/2015,19154,1243,338,114
11/01/2015,19327,2030,910,219
11/02/2015,18139,306,136,34
11/03/2015,18544,1267,339,141
11/04/2015,19440,995,279,166
11/05/2015,18845,540,192,62
11/06/2015,19696,882,342,102
11/07/2015,19238,2116,438,435
11/08/2015,19483,1176,238,281
11/09/2015,18649,2072,433,182
11/10/2015,19076,1316,469,299
11/11/2015,19189,1281,589,113
11/12/2015,19773,636,210,49
11/13/2015,19826,2076,837,442
11/14/2015,19450,863,145,151
11/15/2015,19760,1194,330,152
11/16/2015,18486,847,158,75
11/17/2015,19055,556,82,71
11/18/2015,19022,1466,486,221
11/19/2015,19264,2185,313,475
11/20/2015,19530,589,200,137
11/21/2015,19154,533,154,54
11/22/2015,19159,1404,504,122
11/23/2015,18186,1694,730,318
11/24/2015,18310,1853,462,439
11/25/2015,19274,1761,356,259
11/26/2015,19545,1679,257,127
11/27/2015,19507,804,201,131
11/28/2015,20095,1490,631,272
11/29/2015,19908,947,182,56
11/30/2015,19462,1301,534,280
12/01/2015,19013,1125,460,120
12/02/2015,19160,619,189,72
12/03/2015,19818,2033,495,360
12/04/2015,19602,1622,431,149
12/05/2015,19420,1199,311,227
12/06/2015,20221,1095,358,232
12/07/2015,19049,1665,672,261
12/08/2015,18529,2005,910,519
12/09/2015,19459,1507,258,136
12/10/2015,19667,385,100,69
12/11/2015,19973,811,216,125
12/12/2015,19703,1365,324,204
12/13/2015,20108,1147,174,178
12/14/2015,19363,1059,314,97
12/15/2015,18770,362,59,67
12/16/2015,19477,1580,518,186
12/17/2015,19665,1105,219,240
12/18/2015,19657,602,239,106
12/19/2015,19577,1708,468,252
12/20/2015,19848,1860,261,299
12/21/2015,19682,1501,554,196
12/22/2015,19086,2099,391,181
12/23/2015,19323,823,191,176
12/24/2015,19510,1639,617,141
12/25/2015,19970,1776,699,398
12/26/2015,20434,856,273,76
12/27/2015,19685,1152,418,235
12/28/2015,19600,1392,470,108
12/29/2015,19160,2099,426,384
12/30/2015,20006,482,248,92
12/31/2015,19653,1468,570,181
01/01/2016,19957,2045,724,352
01/02/2016,19587,1586,685,226
01/03/2016,20113,520,169,107
01/04/2016,19523,1801,842,217
01/05/2016,19708,1753,701,460
01/06/2016,19876,2236,784,176
01/07/2016,20245,999,175,130
01/08/2016,20575,2143,819,372
01/09/2016,19723,1860,672,242
01/10/2016,19770,1048,392,171
01/11/2016,18861,429,142,27
01/12/2016,19343,947,335,124
01/13/2016,19511,327,73,56
01/14/2016,19779,2060,856,325
01/15/2016,20234,1977,450,457
01/16/2016,19906,1644,552,150
01/17/2016,20393,1135,205,135
01/18/2016,20070,1963,649,412
01/19/2016,18883,472,79,65
01/20/2016,20205,1963,757,223
01/21/2016,20057,1268,400,236
01/22/2016,20202,618,95,96
01/23/2016,19815,1615,660,194
01/24/2016,19722,541,254,51
01/25/2016,19929,1539,335,290
01/26/2016,18891,1623,606,337
01/27/2016,20117,1931,487,179
01/28/2016,20597,309,98,73
01/29/2016,19776,1218,272,118
01/30/2016,20429,252,72,43
01/31/2016,20351,287,71,28
02/01/2016,19486,1067,346,166
02/02/2016,19178,1511,660,215
02/03/2016,20058,1109,234,82
02/04/2016,20433,1248,538,210
02/05/2016,20697,2145,547,333
02/06/2016,20630,557,149,87
02/07/2016,20151,1184,511,252
02/08/2016,19440,1632,450,227
02/09/2016,19551,367,91,46
02/10/2016,19987,1003,422,184
02/11/2016,20249,727,277,50
02/12/2016,20638,1671,540,324
02/13/2016,20931,1301,228,164
02/14/2016,20478,2171,699,131
02/15/2016,19395,1374,229,299
02/16/2016,19150,801,180,96
02/17/2016,20307,2249,541,159
02/18/2016,20098,314,95,63
02/19/2016,20572,1625,575,237
02/20/2016,20906,2197,796,470
02/21/2016,20949,1484,238,317
02/22/2016,20018,682,138,79
02/23/2016,19611,1817,614,311
02/24/2016,19900,471,178,54
02/25/2016,20650,528,120,74
02/26/2016,21041,674,187,111
02/27/2016,20361,402,76,65
02/28/2016,20308,672,168,127
02/29/2016,19960,1312,469,210
03/01/2016,19962,1706,479,139
03/02/2016,20177,408,79,35
03/03/2016,20631,1877,320,126
03/04/2016,20586,2016,584,282
03/05/2016,20386,2050,822,523
03/06/2016,21084,1492,434,113
03/07/2016,19354,1753,479,241
03/08/2016,19343,1465,278,166
03/09/2016,20399,2160,459,332
03/10/2016,20074,2212,683,180
03/11/2016,20982,2303,937,313
03/12/2016,20312,669,169,71
03/13/2016,20374,1838,653,133
03/14/2016,19671,1204,185,98
03/15/2016,20600,1143,224,225
03/16/2016,20543,997,220,198
03/17/2016,21109,958,383,155
03/18/2016,20248,1035,425,210
03/19/2016,21141,1203,464,205
03/20/2016,20822,1230,510,84
03/21/2016,19706,1020,350,93
03/22/2016,19700,275,74,79
03/23/2016,20369,1513,407,164
03/24/2016,20378,982,445,88
03/25/2016,20977,1544,213,241
03/26/2016,20324,1448,639,173
03/27/2016,21019,489,150,39
03/28/2016,20712,1318,567,183
03/29/2016,19846,1850,523,251
03/30/2016,20187,1462,324,282
03/31/2016,21196,708,275,146
04/01/2016,20704,1938,624,153
04/02/2016,20587,1725,425,165
04/03/2016,20839,1187,208,191
04/04/2016,20433,721,210,74
04/05/2016,19480,608,111,79
04/06/2016,20779,1465,532,247
04/07/2016,21178,652,189,97
04/08/2016,20940,2321,588,370
04/09/2016,21056,709,227,63
04/10/2016,21284,927,156,59
04/11/2016,20309,359,131,91
04/12/2016,19749,993,420,173
04/13/2016,20482,2082,735,256
04/14/2016,20924,1224,538,153
04/15/2016,20778,2279,766,492
04/16/2016,21372,1459,360,265
04/17/2016,20935,404,135,30
04/18/2016,20931,1108,347,275
04/19/2016,20275,1472,382,213
04/20/2016,21065,877,187,116
04/21/2016,21372,519,70,57
04/22/2016,21135,1180,445,89
04/23/2016,21343,290,95,84
04/24/2016,21153,1336,303,180
04/25/2016,20643,605,245,55
04/26/2016,20594,940,167,146
04/27/2016,21022,2058,367,291
04/28/2016,20971,968,354,196
04/29/2016,21464,1640,299,258
04/30/2016,21449,424,174,155
05/01/2016,21400,1617,710,340
05/02/2016,19868,1762,637,301
05/03/2016,20125,1018,411,231
05/04/2016,20821,1640,671,131
05/05/2016,21459,1028,288,93
05/06/2016,21031,458,193,59
05/07/2016,21189,1473,319,128
05/08/2016,21671,992,426,112
05/09/2016,20857,1706,495,237
05/10/2016,20663,1616,497,158
05/11/2016,21411,1963,862,246
05/12/2016,21601,771,347,75
05/13/2016,21053,1574,350,219
05/14/2016,21817,1562,308,140
05/15/2016,21124,1110,399,302
05/16/2016,20251,923,251,155
05/17/2016,20604,879,301,101
05/18/2016,20744,1424,216,131
05/19/2016,21099,1711,696,388
05/20/2016,21551,1724,584,304
05/21/2016,20897,2096,500,174
05/22/2016,21342,1544,335,382
05/23/2016,21161,869,331,116
05/24/2016,20484,1111,249,230
05/25/2016,21069,1223,297,118
05/26/2016,20880,1626,567,179
05/27/2016,21133,2347,735,299
05/28/2016,21801,1635,487,365
05/29/2016,21099,694,151,160
05/30/2016,20237,1148,458,270
05/31/2016,20696,1853,422,309
06/01/2016,20796,2062,394,330
06/02/2016,21527,436,146,47
06/03/2016,21907,1845,778,396
06/04/2016,21989,1068,378,190
06/05/2016,21346,906,294,94
06/06/2016,20565,734,111,115
06/07/2016,20662,1723,541,232
06/08/2016,21030,1486,553,189
06/09/2016,21169,2110,669,167
06/10/2016,21159,2131,780,501
06/11/2016,21981,2145,466,233
06/12/2016,21879,1898,645,197
06/13/2016,21298,367,110,86
06/14/2016,20421,910,383,161
06/15/2016,21728,1468,336,187
06/16/2016,21941,1172,379,173
06/17/2016,21157,2045,285,239
06/18/2016,21551,1443,536,155
06/19/2016,21989,612,190,98
06/20/2016,20243,957,181,234
06/21/2016,20953,1966,801,455
06/22/2016,21515,907,184,65
06/23/2016,21709,867,245,160
06/24/2016,21715,2097,806,364
06/25/2016,21520,1247,345,186
06/26/2016,22139,1714,492,180
06/27/2016,21164,975,408,112
06/28/2016,20311,1911,525,226
06/29/2016,21958,691,189,113
06/30/2016,22174,862,152,129
07/01/2016,21601,444,171,59
07/02/2016,22007,1305,498,176
07/03/2016,21340,2429,586,478
07/04/2016,20819,1370,597,119
07/05/2016,21734,2219,892,356
07/06/2016,21288,936,401,144
07/07/2016,21306,857,339,113
07/08/2016,21344,1347,345,134
07/09/2016,21433,414,171,74
07/10/2016,22364,1517,659,138
07/11/2016,21486,560,79,32
07/12/2016,20979,2124,457,358
07/13/2016,21508,2236,698,172
07/14/2016,22116,422,132,69
07/15/2016,22270,1348,322,116
07/16/2016,22355,2026,427,290
07/17/2016,21873,1422,510,292
07/18/2016,20789,477,71,33
07/19/2016,20658,1112,309,76
07/20/2016,21659,868,373,110
07/21/2016,21786,652,103,150
07/22/2016,21892,1500,333,276
07/23/2016,22553,1486,195,262
07/24/2016,21557,1090,463,93
07/25/2016,21298,570,105,101
07/26/2016,21429,961,254,180
07/27/2016,21772,1673,460,109
07/28/2016,22042,2047,290,286
07/29/2016,21718,378,116,67
07/30/2016,22497,1888,664,135
07/31/2016,21660,1940,369,180
08/01/2016,20679,855,362,72
08/02/2016,21505,2082,352,341
08/03/2016,21432,1156,449,177
08/04/2016,22420,291,138,87
08/05/2016,21949,2332,391,346
08/06/2016,22075,909,156,159
08/07/2016,21988,2401,666,399
08/08/2016,21438,1110,416,87
08/09/2016,21611,1870,708,356
08/10/2016,22143,1830,309,180
08/11/2016,22257,736,207,117
08/12/2016,22009,813,348,61
08/13/2016,22632,2008,722,233
08/14/2016,21989,2336,885,382
08/15/2016,21874,2292,394,246
08/16/2016,21350,2393,937,461
08/17/2016,22244,335,146,47
08/18/2016,22590,1412,666,311
08/19/2016,22603,2183,523,185
08/20/2016,22142,2321,1030,211
08/21/2016,22086,795,322,52
08/22/2016,21886,724,296,81
08/23/2016,21934,1822,742,312
08/24/2016,21638,2368,925,197
08/25/2016,22616,1596,396,209
08/26/2016,22218,306,135,69
08/27/2016,22871,1764,334,189
08/28/2016,22079,1119,470,146
08/29/2016,21023,1917,586,240
08/30/2016,21003,2124,398,200
08/31/2016,21861,575,234,48
09/01/2016,22507,334,174,94
09/02/2016,22336,1570,307,350
09/03/2016,22371,1498,537,97
09/04/2016,22396,1525,462,245
09/05/2016,21687,870,371,111
09/06/2016,21120,1117,564,219
09/07/2016,21830,555,182,72
09/08/2016,22283,1401,577,243
09/09/2016,22852,1460,448,212
09/10/2016,22534,573,128,83
09/11/2016,22982,1616,416,261
09/12/2016,22124,1097,333,171
09/13/2016,21700,2368,517,259
09/14/2016,22098,2454,671,496
09/15/2016,22277,1863,888,391
09/16/2016,22370,714,192,104
09/17/2016,22140,1179,376,273
09/18/2016,23000,459,199,86
09/19/2016,22241,2080,897,417
09/20/2016,21524,1052,252,82
09/21/2016,22594,480,122,87
09/22/2016,22122,2109,595,338
09/23/2016,22771,1216,600,155
09/24/2016,22617,737,100,154
09/25/2016,22573,2082,717,335
09/26/2016,22389,838,368,120
09/27/2016,21717,1597,696,159
09/28/2016,22620,1017,351,125
09/29/2016,22311,1239,477,155
09/30/2016,22613,1583,561,121
10/01/2016,22797,2362,865,479
10/02/2016,23093,2296,611,176
10/03/2016,21860,1516,365,247
10/04/2016,21691,1829,415,218
10/05/2016,22194,1664,354,133
10/06/2016,22858,2232,486,129
10/07/2016,22617,1787,427,247
10/08/2016,22901,1953,901,446
10/09/2016,23288,1232,308,126
10/10/2016,22317,1617,411,253
10/11/2016,22489,1665,621,219
10/12/2016,22979,1014,141,182
10/13/2016,22626,632,220,156
10/14/2016,23204,1411,429,96
10/15/2016,23119,1393,336,302
10/16/2016,22389,954,251,109
10/17/2016,21628,1724,497,268
10/18/2016,22578,1762,487,102
10/19/2016,22976,587,75,72
10/20/2016,23091,489,129,82
10/21/2016,23084,2126,563,180
10/22/2016,22866,1946,485,340
10/23/2016,23066,1751,287,351
10/24/2016,22436,1976,552,245
10/25/2016,22037,1205,388,147
10/26/2016,22552,1845,300,291
10/27/2016,22742,1666,532,274
10/28/2016,23163,2517,668,613
10/29/2016,23122,1195,417,81
10/30/2016,23034,2031,689,251
10/31/2016,21894,1488,570,185
11/01/2016,21619,2132,387,474
11/02/2016,22859,980,200,106
11/03/2016,22428,820,332,195
11/04/2016,23200,1778,454,421
11/05/2016,23437,862,197,61
11/06/2016,22888,482,135,111
11/07/2016,22008,2082,683,410
11/08/2016,21902,364,112,44
11/09/2016,22445,819,277,130
11/10/2016,23448,431,122,58
11/11/2016,23464,1132,499,113
11/12/2016,22913,744,293,96
11/13/2016,22924,1844,290,186
11/14/2016,22897,701,271,103
11/15/2016,22532,2526,653,235
11/16/2016,23102,1869,520,299
11/17/2016,22894,430,81,74
11/18/2016,23492,2112,389,406
11/19/2016,23024,886,310,123
11/20/2016,22871,1207,510,147
11/21/2016,22599,1867,542,139
11/22/2016,22861,1524,325,285
11/23/2016,23110,1261,315,146
11/24/2016,23277,1084,385,231
11/25/2016,23274,2158,473,249
11/26/2016,22913,712,288,166
11/27/2016,23471,1468,414,175
11/28/2016,22467,627,99,134
11/29/2016,23098,1958,756,242
11/30/2016,23189,2089,947,417
12/01/2016,23310,1979,307,350
12/02/2016,23021,996,171,205
12/03/2016,23671,799,228,125
12/04/2016,23709,497,101,71
12/05/2016,22571,442,122,71
12/06/2016,22928,2047,356,427
12/07/2016,22884,976,145,185
12/08/2016,23191,2028,737,351
12/09/2016,23154,2113,601,322
12/10/2016,23190,1384,371,167
12/11/2016,23069,1238,424,232
12/12/2016,22363,301,194,107
12/13/2016,22890,778,292,53
12/14/2016,23633,2262,998,220
12/15/2016,23204,951,219,81
12/16/2016,23751,1097,473,231
12/17/2016,24012,1162,507,184
12/18/2016,23059,676,256,142
12/19/2016,22392,2152,825,305
12/20/2016,22241,2087,670,477
12/21/2016,23642,1726,728,391
12/22/2016,23219,365,92,44
12/23/2016,23678,716,173,66
12/24/2016,24084,1213,208,139
12/25/2016,23354,870,157,187
12/26/2016,22716,1559,694,334
12/27/2016,22732,767,257,165
12/28/2016,23367,1169,479,230
12/29/2016,23331,822,359,158
12/30/2016,23381,1108,300,161
12/31/2016,23309,1277,348,204
01/01/2017,23474,2372,877,305
01/02/2017,22989,790,350,119
01/03/2017,22969,1399,365,232
01/04/2017,23442,605,179,75
01/05/2017,24049,1573,323,201
01/06/2017,24001,497,143,61
01/07/2017,23755,2391,602,324
01/08/2017,23416,402,186,52
01/09/2017,22692,511,162,122
01/10/2017,23252,2375,721,511
01/11/2017,23566,842,395,174
01/12/2017,23286,834,257,149
01/13/2017,23391,1443,613,167
01/14/2017,23890,2702,743,598
01/15/2017,23430,2386,587,292
01/16/2017,22615,2460,495,273
01/17/2017,22715,726,114,115
01/18/2017,23666,717,304,54
01/19/2017,24100,2539,868,387
01/20/2017,24323,889,168,96
01/21/2017,23744,881,308,210
01/22/2017,23869,846,287,112
01/23/2017,22793,1459,415,152
01/24/2017,23711,1095,262,128
01/25/2017,23399,829,268,118
01/26/2017,24090,1955,801,267
01/27/2017,23724,324,126,83
01/28/2017,23930,2018,523,155
01/29/2017,24309,1038,206,71
01/30/2017,23466,384,100,94
01/31/2017,23035,820,208,80
02/01/2017,23577,424,209,85
02/02/2017,23388,2747,795,248
02/03/2017,23863,1231,247,73
02/04/2017,23887,383,70,52
02/05/2017,24285,1596,344,374
02/06/2017,23246,1813,673,158
02/07/2017,23159,1166,450,115
02/08/2017,23643,457,107,96
02/09/2017,23745,2419,445,247
02/10/2017,23727,2395,710,156
02/11/2017,23913,2655,677,364
02/12/2017,24447,2358,942,294
02/13/2017,23066,1042,371,183
02/14/2017,23352,690,274,76
02/15/2017,24166,952,233,63
02/16/2017,24039,1535,436,245
02/17/2017,24178,450,94,85
02/18/2017,24325,2394,614,524
02/19/2017,24178,1126,414,217
02/20/2017,23238,1479,581,107
02/21/2017,23442,507,161,67
02/22/2017,24164,2442,1132,355
02/23/2017,23884,1587,381,133
02/24/2017,24037,1132,321,146
02/25/2017,24613,2447,417,438
02/26/2017,24136,1849,284,246
02/27/2017,23905,704,297,105
02/28/2017,23789,1716,367,273
03/01/2017,24278,2623,516,569
03/02/2017,24239,1005,141,117
03/03/2017,24767,1365,286,208
03/04/2017,24063,1530,342,184
03/05/2017,24767,1802,476,262
03/06/2017,23025,1071,195,279
03/07/2017,23906,2258,733,268
03/08/2017,24367,1796,715,305
03/09/2017,23702,1491,539,305
03/10/2017,24707,945,266,193
03/11/2017,23965,1873,534,360
03/12/2017,24646,1439,243,214
03/13/2017,23618,2579,784,537
03/14/2017,23991,1313,208,133
03/15/2017,24279,2485,986,275
03/16/2017,24035,2628,890,680
03/17/2017,24011,1609,621,314
03/18/2017,24751,1692,385,279
03/19/2017,24678,1793,840,224
03/20/2017,24028,2229,443,490
03/21/2017,23871,2103,784,200
03/22/2017,24209,1407,440,227
03/23/2017,24658,1735,733,210
03/24/2017,24034,504,158,92
03/25/2017,24727,1551,245,110
03/26/2017,24664,598,177,40
03/27/2017,23553,1221,291,147
03/28/2017,23908,1485,581,249
03/29/2017,24653,2720,940,517
03/30/2017,24035,2093,452,323
03/31/2017,24946,2311,961,357
04/01/2017,24014,1629,621,172
04/02/2017,24345,1944,307,144
04/03/2017,23432,1461,280,112
04/04/2017,23159,2519,1144,251
04/05/2017,23892,2632,786,411
04/06/2017,24382,2338,432,403
04/07/2017,24389,2574,824,439
04/08/2017,25066,851,261,74
04/09/2017,24728,1048,145,226
04/10/2017,23789,2584,1128,246
04/11/2017,23696,1058,176,197
04/12/2017,23994,809,272,63
04/13/2017,24214,1952,616,190
04/14/2017,25070,2678,716,415
04/15/2017,24894,2037,855,481
04/16/2017,24568,675,319,72
04/17/2017,23399,2263,398,416
04/18/2017,23412,1805,668,312
04/19/2017,24726,2090,711,180
04/20/2017,24854,2620,717,290
04/21/2017,24348,1768,426,314
04/22/2017,24409,1893,562,371
04/23/2017,24404,2011,784,192
04/24/2017,24363,1875,627,182
04/25/2017,24028,2182,791,482
04/26/2017,24588,2191,605,268
04/27/2017,24240,2050,936,216
04/28/2017,24714,1507,659,199
04/29/2017,25313,2831,1101,256
04/30/2017,24676,2446,413,214
05/01/2017,23711,2060,445,445
05/02/2017,24290,492,147,65
05/03/2017,24633,728,238,59
05/04/2017,24515,2049,873,386
05/05/2017,24908,2798,806,333
05/06/2017,24454,1150,464,138
05/07/2017,25234,729,300,72
05/08/2017,24481,613,305,113
05/09/2017,24225,1401,602,186
05/10/2017,24508,666,312,106
05/11/2017,24539,2550,1020,609
05/12/2017,24841,920,147,146
05/13/2017,25393,1576,589,163
05/14/2017,24687,2494,587,161
05/15/2017,23991,1599,271,269
05/16/2017,24530,2297,494,233
05/17/2017,24898,1865,388,228
05/18/2017,25249,1039,332,119
05/19/2017,24571,2617,1186,164
05/20/2017,25015,1943,610,177
05/21/2017,25116,1042,373,207
05/22/2017,23578,1082,494,188
05/23/2017,23785,1037,228,84
05/24/2017,24534,1616,391,232
05/25/2017,25025,1067,269,201
05/26/2017,24541,2358,1005,498
05/27/2017,25267,426,89,42
05/28/2017,24967,2433,640,217
05/29/2017,24234,1255,443,201
05/30/2017,24040,468,71,104
05/31/2017,24669,1444,570,285
06/01/2017,24893,1234,356,140
06/02/2017,25503,554,203,36
06/03/2017,24787,876,217,141
06/04/2017,24820,304,222,73
06/05/2017,24680,2250,327,195
06/06/2017,24125,465,139,69
06/07/2017,24763,1470,425,299
06/08/2017,25135,1600,266,325
06/09/2017,24901,1106,277,115
06/10/2017,25524,1508,223,191
06/11/2017,24917,658,186,103
06/12/2017,24448,1267,309,148
06/13/2017,24050,2416,546,275
06/14/2017,24731,2659,1024,463
06/15/2017,25000,772,185,83
06/16/2017,25576,1157,346,71
06/17/2017,24979,1283,385,189
06/18/2017,25022,1029,297,162
06/19/2017,24574,808,324,128
06/20/2017,24332,1369,192,134
06/21/2017,25174,1390,320,265
06/22/2017,25567,1098,309,242
06/23/2017,25268,2143,537,443
06/24/2017,25524,486,189,63
06/25/2017,25369,1213,211,245
06/26/2017,24616,2451,827,522
06/27/2017,24581,876,183,202
06/28/2017,24857,1855,466,212
06/29/2017,25260,2062,497,357
06/30/2017,25566,950,150,81
07/01/2017,25070,1762,402,241
07/02/2017,25438,1008,190,199
07/03/2017,24603,2248,659,273
07/04/2017,24597,2250,458,262
07/05/2017,25486,1036,247,93
07/06/2017,25213,1210,323,214
07/07/2017,25437,2045,539,232
07/08/2017,25281,1183,427,176
07/09/2017,25091,1555,675,190
07/10/2017,24334,1939,311,355
07/11/2017,24799,2420,793,219
07/12/2017,25428,1411,397,234
07/13/2017,25677,2250,381,518
07/14/2017,26129,2351,955,412
07/15/2017,25405,2885,1190,548
07/16/2017,25601,2670,636,567
07/17/2017,24819,2751,513,442
07/18/2017,24972,1961,465,434
07/19/2017,25740,2736,1094,476
07/20/2017,26002,2207,384,148
07/21/2017,25615,1841,607,284
07/22/2017,25560,2950,831,381
07/23/2017,25896,1524,649,206
07/24/2017,25322,1070,197,199
07/25/2017,24562,1470,306,141
07/26/2017,25907,1007,289,215
07/27/2017,25487,816,271,112
07/28/2017,25470,1540,682,234
07/29/2017,26042,2839,641,460
07/30/2017,25473,1469,303,229
07/31/2017,24328,1884,291,157
08/01/2017,24670,1943,836,243
08/02/2017,25571,2102,337,258
08/03/2017,26043,807,294,58
08/04/2017,25915,1770,391,219
08/05/2017,25975,573,223,103
08/06/2017,26203,1830,708,261
08/07/2017,24333,1038,291,80
08/08/2017,24773,2347,1076,242
08/09/2017,25476,2462,1103,317
08/10/2017,26189,2434,932,431
08/11/2017,25572,2014,630,248
08/12/2017,26124,517,86,107
08/13/2017,25680,1458,532,241
08/14/2017,24679,734,118,92
08/15/2017,25309,1963,551,457
08/16/2017,25162,1781,317,194
08/17/2017,26011,1660,638,238
08/18/2017,25997,1650,229,256
08/19/2017,25851,2043,716,210
08/20/2017,25953,2914,1259,239
08/21/2017,25247,2226,932,419
08/22/2017,25080,1193,414,114
08/23/2017,25742,537,141,90
08/24/2017,25858,567,305,61
08/25/2017,26329,358,169,99
08/26/2017,25985,1349,524,122
08/27/2017,26247,2819,730,472
08/28/2017,24945,1075,396,70
08/29/2017,24536,1436,351,158
08/30/2017,26110,941,324,173
08/31/2017,26341,775,313,126
09/01/2017,26245,2007,390,302
09/02/2017,26151,2376,1026,347
09/03/2017,25941,1989,512,276
09/04/2017,25207,2555,1086,373
09/05/2017,25205,1827,659,279
09/06/2017,25769,1209,317,221
09/07/2017,25708,2826,1235,293
09/08/2017,26567,1952,615,339
09/09/2017,25903,1336,463,246
09/10/2017,25710,483,179,86
09/11/2017,25653,1394,446,243
09/12/2017,25066,594,185,130
09/13/2017,25928,944,447,166
09/14/2017,25814,1162,358,110
09/15/2017,26555,1680,777,239
09/16/2017,25874,653,216,45
09/17/2017,26284,1453,335,209
09/18/2017,25615,1727,700,465
09/19/2017,24977,2546,591,461
09/20/2017,26008,2678,510,199
09/21/2017,26409,1538,477,214
09/22/2017,26481,2856,1281,348
09/23/2017,26622,2012,516,328
09/24/2017,26780,1675,511,97
09/25/2017,25120,1444,375,111
09/26/2017,25308,2215,878,203
09/27/2017,25629,1806,680,296
09/28/2017,26675,448,196,97
09/29/2017,26011,1400,374,129
09/30/2017,26559,2805,908,554
10/01/2017,25967,2939,824,609
10/02/2017,25346,1155,201,203
10/03/2017,25590,1701,508,208
10/04/2017,26335,1780,628,452
10/05/2017,26240,2336,1023,583
10/06/2017,25977,1017,457,87
10/07/2017,26870,1213,354,78
10/08/2017,26203,2368,514,337
10/09/2017,25790,1749,262,235
10/10/2017,25790,1283,314,278
10/11/2017,26593,1032,206,84
10/12/2017,26548,1942,538,236
10/13/2017,26851,2052,501,214
10/14/2017,26299,1374,622,158
10/15/2017,26741,2139,791,311
10/16/2017,26343,1012,437,90
10/17/2017,26023,2518,506,465
10/18/2017,25791,456,222,78
10/19/2017,26569,2886,657,363
10/20/2017,26996,2608,969,169
10/21/2017,26555,2143,815,404
10/22/2017,26728,1509,625,367
10/23/2017,25235,977,393,209
10/24/2017,25531,1607,411,304
10/25/2017,26232,1071,300,101
10/26/2017,26311,1792,582,456
10/27/2017,27196,1563,441,233
10/28/2017,26578,2921,805,334
10/29/2017,26853,1321,209,203
10/30/2017,26364,2811,952,476
10/31/2017,25602,559,147,46
11/01/2017,26625,2126,560,160
11/02/2017,26186,2870,745,270
11/03/2017,26646,2514,867,255
11/04/2017,26353,2260,377,156
11/05/2017,26274,2190,398,318
11/06/2017,25620,1684,268,308
11/07/2017,26429,2328,878,393
11/08/2017,26337,2300,935,224
11/09/2017,26480,751,251,135
11/10/2017,26697,2315,709,507
11/11/2017,26870,754,230,82
11/12/2017,26949,1542,692,108
11/13/2017,25680,1832,283,256
11/14/2017,25738,2949,1058,426
11/15/2017,26400,2820,544,253
11/16/2017,26292,2364,803,638
11/17/2017,26981,2726,638,237
11/18/2017,26669,1879,593,317
11/19/2017,26964,2209,451,213
11/20/2017,26808,1074,217,73
11/21/2017,26010,2096,788,338
11/22/2017,26251,2094,376,260
11/23/2017,26536,1085,432,126
11/24/2017,27009,1549,493,172
11/25/2017,27416,2585,423,499
11/26/2017,26592,1932,830,391
11/27/2017,25785,1766,785,177
11/28/2017,25999,1818,677,278
11/29/2017,26750,2622,864,481
11/30/2017,26457,2540,854,555
12/01/2017,26628,2136,636,293
12/02/2017,26702,2223,551,303
12/03/2017,26795,2376,976,163
12/04/2017,25956,1780,596,458
12/05/2017,26265,503,163,103
12/06/2017,26661,2698,919,350
12/07/2017,26548,646,190,108
12/08/2017,26976,2907,851,258
12/09/2017,27067,2716,692,480
12/10/2017,26590,843,358,115
12/11/2017,25909,722,301,96
12/12/2017,26278,2492,769,485
12/13/2017,26413,2324,924,156
12/14/2017,27060,1885,519,122
12/15/2017,27552,745,321,101
12/16/2017,27407,2698,829,292
12/17/2017,27587,2163,596,197
12/18/2017,26239,1908,703,141
12/19/2017,26741,2478,441,206
12/20/2017,26887,789,317,75
12/21/2017,27108,1168,404,84
12/22/2017,27626,2482,770,263
12/23/2017,27069,1462,241,89
12/24/2017,27345,1085,406,104
12/25/2017,26879,3013,577,465
12/26/2017,25762,659,262,120
12/27/2017,26600,2048,932,450
12/28/2017,27349,483,101,111
12/29/2017,27555,1452,724,113
12/30/2017,27587,994,237,88
12/31/2017,27202,2842,1043,345
01/01/2018,26381,829,188,89
01/02/2018,26771,2212,629,509
01/03/2018,27457,2640,823,234
01/04/2018,26825,1888,429,376
01/05/2018,27007,2658,992,518
01/06/2018,27393,2570,1024,297
01/07/2018,27591,2720,940,255
01/08/2018,26748,2893,574,585
01/09/2018,26231,1219,260,99
01/10/2018,27185,808,255,132
01/11/2018,27676,1623,627,286
01/12/2018,27550,803,332,143
01/13/2018,27476,1346,270,264
01/14/2018,27549,3133,1213,337
01/15/2018,26434,1013,459,153
01/16/2018,26948,2386,704,475
01/17/2018,26882,2708,560,360
01/18/2018,26982,2388,726,406
01/19/2018,27972,3089,744,308
01/20/2018,27158,1312,284,147
01/21/2018,27345,1796,519,212
01/22/2018,26632,1780,512,140
01/23/2018,26619,473,98,43
01/24/2018,27421,1335,602,277
01/25/2018,27796,958,183,147
01/26/2018,27167,3070,896,699
01/27/2018,27781,1348,257,91
01/28/2018,27345,1249,514,154
01/29/2018,27172,1561,508,170
01/30/2018,27058,2473,616,149
01/31/2018,27102,2147,751,368
02/01/2018,27958,2412,656,420
02/02/2018,27369,2443,974,203
02/03/2018,27860,2128,913,380
02/04/2018,27356,2154,607,329
02/05/2018,27456,1044,456,126
02/06/2018,26552,1055,212,122
02/07/2018,27538,717,145,155
02/08/2018,27630,1910,794,122
02/09/2018,27459,2987,658,653
02/10/2018,27895,1914,608,255
02/11/2018,27784,589,245,73
02/12/2018,27168,1042,326,118
02/13/2018,27102,1574,333,228
02/14/2018,27838,977,399,66
02/15/2018,27565,979,228,194
02/16/2018,27684,2011,327,183
02/17/2018,28138,2275,783,393
02/18/2018,28103,2459,466,432
02/19/2018,26910,2423,861,250
02/20/2018,27066,1067,157,81
02/21/2018,27152,2872,922,731
02/22/2018,28037,977,283,200
02/23/2018,28162,818,287,112
02/24/2018,28284,2060,632,233
02/25/2018,27429,1553,591,148
02/26/2018,26547,1255,410,87
02/27/2018,26712,2356,474,536
02/28/2018,28048,1336,461,82
03/01/2018,28228,1406,341,126
03/02/2018,27779,3068,1174,396
03/03/2018,27641,2078,384,345
03/04/2018,27904,1269,384,188
03/05/2018,27299,1455,347,179
03/06/2018,27222,442,230,57
03/07/2018,27541,2171,826,421
03/08/2018,27910,1093,251,181
03/09/2018,28285,2865,495,363
03/10/2018,28072,747,242,34
03/11/2018,27869,3105,1149,272
03/12/2018,27532,794,343,134
03/13/2018,26918,850,291,76
03/14/2018,28057,2992,1228,508
03/15/2018,28334,1156,296,233
03/16/2018,28578,1923,309,340
03/17/2018,27772,2444,570,377
03/18/2018,28444,2659,771,316
03/19/2018,27526,2205,383,332
03/20/2018,27439,746,345,180
03/21/2018,27659,1091,197,122
03/22/2018,28071,1498,562,259
03/23/2018,27886,651,227,130
03/24/2018,28327,1765,581,314
03/25/2018,27773,2999,607,376
03/26/2018,27155,1699,433,278
03/27/2018,26843,2082,447,376
03/28/2018,27438,1750,632,299
03/29/2018,27718,1501,611,236
03/30/2018,28095,610,155,79
03/31/2018,28551,1765,250,160
04/01/2018,27731,2660,773,304
04/02/2018,27176,2930,1266,292
04/03/2018,27599,2337,363,291
04/04/2018,28017,569,137,67
04/05/2018,27962,868,340,167
04/06/2018,27750,1663,250,203
04/07/2018,28612,1143,189,254
04/08/2018,28696,2072,689,276
04/09/2018,27600,543,216,32
04/10/2018,27635,2138,517,362
04/11/2018,28001,2933,1029,450
04/12/2018,28444,1981,872,381
04/13/2018,28779,1914,682,296
04/14/2018,27901,3042,611,248
04/15/2018,28169,2272,1002,256
04/16/2018,27807,664,171,156
04/17/2018,26837,2810,1322,370
04/18/2018,27901,1516,566,214
04/19/2018,27841,1848,369,373
04/20/2018,28026,2169,691,369
04/21/2018,28449,1016,347,186
04/22/2018,27943,1735,753,442
04/23/2018,27520,2635,809,539
04/24/2018,27090,2543,963,466
04/25/2018,27864,1635,531,146
04/26/2018,28347,2137,800,327
04/27/2018,28753,485,229,101
04/28/2018,28179,1020,459,270
04/29/2018,28353,1451,489,285
04/30/2018,28015,1080,480,193
05/01/2018,27530,2018,628,145
05/02/2018,27751,1081,311,149
05/03/2018,28399,1983,391,352
05/04/2018,28302,1695,371,198
05/05/2018,28628,3046,1385,454
05/06/2018,28729,1807,286,205
05/07/2018,27562,743,220,106
05/08/2018,27587,1681,291,312
05/09/2018,28482,1671,534,99
05/10/2018,28231,2284,739,414
05/11/2018,28645,2383,783,341
05/12/2018,28490,996,180,179
05/13/2018,28945,1300,427,181
05/14/2018,27125,2750,1057,433
05/15/2018,27409,1693,707,327
05/16/2018,28107,645,117,89
05/17/2018,28904,1318,252,289
05/18/2018,28900,585,107,66
05/19/2018,28355,2605,431,257
05/20/2018,28448,3270,588,495
05/21/2018,27905,3089,1028,253
05/22/2018,27986,2170,418,202
05/23/2018,28072,2748,698,429
05/24/2018,28641,794,320,76
05/25/2018,28619,1463,482,304
05/26/2018,29225,966,254,147
05/27/2018,28356,873,152,102
05/28/2018,27934,2604,896,219
05/29/2018,27986,2330,1075,511
05/30/2018,28323,1393,336,234
05/31/2018,28623,1642,609,167
06/01/2018,29124,1207,238,232
06/02/2018,29038,1673,509,237
06/03/2018,28548,3116,1244,437
06/04/2018,28515,2976,1063,408
06/05/2018,28153,2135,973,340
06/06/2018,28528,2810,702,382
06/07/2018,28570,661,215,55
06/08/2018,29243,3208,969,523
06/09/2018,29324,2966,765,263
06/10/2018,29057,2389,976,343
06/11/2018,27673,1685,345,164
06/12/2018,28051,1374,538,326
06/13/2018,29116,947,169,175
06/14/2018,28767,794,229,157
06/15/2018,28707,799,196,123
06/16/2018,28816,2281,753,369
06/17/2018,29180,2409,538,363
06/18/2018,28157,2814,972,633
06/19/2018,28141,1042,309,99
06/20/2018,28686,2753,1072,252
06/21/2018,28851,1471,568,127
06/22/2018,29197,1329,528,274
06/23/2018,28685,444,256,78
06/24/2018,28873,2879,1169,421
06/25/2018,28941,1672,403,140
06/26/2018,27680,562,105,78
06/27/2018,29004,1608,645,181
06/28/2018,28587,1781,718,320
06/29/2018,29346,2572,1136,301
06/30/2018,29461,2582,566,543
07/01/2018,29494,1346,485,306
07/02/2018,29055,1304,478,276
07/03/2018,27902,2608,577,389
07/04/2018,28636,764,298,149
07/05/2018,29054,816,189,168
07/06/2018,28842,1649,310,239
07/07/2018,29403,2144,602,343
07/08/2018,28872,3186,504,633
07/09/2018,28044,1602,721,361
07/10/2018,28374,2553,754,538
07/11/2018,29260,2903,483,273
07/12/2018,28703,1201,355,178
07/13/2018,29371,737,172,84
07/14/2018,29062,2610,904,195
07/15/2018,29033,2601,724,345
07/16/2018,30381,2825,1118,411
07/17/2018,33358,1838,596,208
07/18/2018,33220,452,228,64
07/19/2018,30677,1166,195,288
07/20/2018,31243,3058,570,527
07/21/2018,31795,2642,1142,404
07/22/2018,30577,471,132,50
07/23/2018,33248,3177,675,595
07/24/2018,30810,1351,307,133
07/25/2018,32961,2555,1106,316
07/26/2018,31325,1816,759,186
07/27/2018,34477,1600,763,358
07/28/2018,32987,1554,522,241
07/29/2018,33649,2154,646,528
07/30/2018,32705,1680,672,148
07/31/2018,30205,2318,532,381
08/01/2018,31776,1460,573,342
08/02/2018,33013,2295,668,226
08/03/2018,32495,1144,243,180
08/04/2018,32374,1263,337,258
08/05/2018,30614,2738,491,509
08/06/2018,30892,2335,537,303
08/07/2018,31472,1205,321,229
08/08/2018,33914,664,253,128
08/09/2018,31976,568,110,49
08/10/2018,32679,838,278,128
08/11/2018,32878,1501,637,145
08/12/2018,34616,954,348,139
08/13/2018,32717,2524,883,305
08/14/2018,33686,1664,474,102
08/15/2018,32791,2901,892,631
08/16/2018,31239,2444,533,269
08/17/2018,33616,2695,917,613
08/18/2018,32632,3168,862,791
08/19/2018,33028,3172,894,575
08/20/2018,32898,2553,1068,448
08/21/2018,32589,2658,538,425
08/22/2018,31526,1164,473,233
08/23/2018,34232,2326,789,556
08/24/2018,33536,3118,705,381
08/25/2018,34332,2096,552,142
08/26/2018,33182,1483,554,144
08/27/2018,33434,2523,1152,241
08/28/2018,33214,3077,628,346
08/29/2018,30758,1745,278,243
08/30/2018,33869,2707,550,519
08/31/2018,30978,3221,1125,660
09/01/2018,31306,1871,368,156
09/02/2018,34915,2287,421,213
09/03/2018,30857,1463,229,258
09/04/2018,33319,1053,183,147
09/05/2018,33212,1406,551,120
09/06/2018,33281,1131,234,118
09/07/2018,34886,1877,439,233
09/08/2018,32794,2586,607,576
09/09/2018,33575,2768,580,321
09/10/2018,33858,1694,601,281
09/11/2018,32674,2477,970,340
09/12/2018,30934,3057,543,474
09/13/2018,34787,1862,666,197
09/14/2018,34503,2021,514,300
09/15/2018,31244,3220,486,624
09/16/2018,33827,3060,821,283
09/17/2018,32331,733,354,145
09/18/2018,32460,1863,293,239
09/19/2018,34589,940,236,138
09/20/2018,33308,667,240,107
09/21/2018,31487,1859,655,162
09/22/2018,33364,2898,915,510
09/23/2018,32887,631,124,76
09/24/2018,31380,1775,273,118
09/25/2018,32508,3281,1301,454
09/26/2018,30939,1160,315,149
09/27/2018,33546,1374,323,212
09/28/2018,33877,1884,585,272
09/29/2018,31446,3175,649,293
09/30/2018,33604,2800,1194,445
10/01/2018,33492,1433,651,130
10/02/2018,28993,2058,700,385
10/03/2018,30249,3016,995,375
10/04/2018,29456,1578,654,147
10/05/2018,30117,1043,178,207
10/06/2018,30048,2543,587,405
10/07/2018,29826,1580,584,138
10/08/2018,29223,2691,1032,413
10/09/2018,29238,940,317,79
10/10/2018,29985,2919,1056,476
10/11/2018,30266,2625,1062,574
10/12/2018,30410,2214,913,488
10/13/2018,29961,1502,372,292
10/14/2018,30299,3066,917,245
10/15/2018,29352,2909,432,387
10/16/2018,29243,1256,520,103
10/17/2018,30404,1781,388,126
10/18/2018,30458,1505,281,128
10/19/2018,30402,2955,743,278
10/20/2018,30511,1933,624,427
10/21/2018,30130,2037,810,181
10/22/2018,29139,2882,1188,504
10/23/2018,29795,3184,1402,448
10/24/2018,29846,1080,200,258
10/25/2018,30509,2710,508,329
10/26/2018,30249,1785,661,376
10/27/2018,30864,3361,953,492
10/28/2018,29875,889,215,165
10/29/2018,29852,2132,669,286
10/30/2018,29255,1856,342,436
10/31/2018,29574,2736,452,394
11/01/2018,29919,1771,375,397
11/02/2018,30339,820,375,75
11/03/2018,30117,1310,395,195
11/04/2018,30133,1160,478,247
11/05/2018,29507,2128,776,489
11/06/2018,29512,1385,518,224
11/07/2018,30383,979,338,127
11/08/2018,29820,962,161,138
11/09/2018,30552,939,314,89
11/10/2018,30594,1456,480,205
11/11/2018,30030,2681,997,302
11/12/2018,29460,2264,397,347
11/13/2018,29187,810,147,179
11/14/2018,30590,553,107,139
11/15/2018,30156,1902,412,418
11/16/2018,30428,2728,541,202
11/17/2018,30207,734,395,103
11/18/2018,30787,1396,345,252
11/19/2018,29645,2885,1279,665
11/20/2018,29431,1481,406,189
11/21/2018,30527,1782,375,373
11/22/2018,30009,3334,1251,300
11/23/2018,30496,2277,378,463
11/24/2018,30320,1062,324,230
11/25/2018,30271,3279,825,446
11/26/2018,29437,1656,768,374
11/27/2018,30129,2007,655,273
11/28/2018,30039,2086,355,409
11/29/2018,30481,1488,300,115
11/30/2018,30479,3348,761,408
12/01/2018,30359,1009,163,72
12/02/2018,30450,1495,678,172
12/03/2018,29509,2907,965,316
12/04/2018,30094,2621,612,691
12/05/2018,30547,894,404,178
12/06/2018,30389,2086,694,247
12/07/2018,30294,1521,681,248
12/08/2018,30478,1659,484,142
12/09/2018,30461,1872,508,305
12/10/2018,29576,2610,1187,251
12/11/2018,29567,912,323,83
12/12/2018,30847,1131,408,136
12/13/2018,30785,2113,864,417
12/14/2018,30899,2739,874,304
12/15/2018,30786,3382,1164,536
12/16/2018,30770,1187,181,237
12/17/2018,30233,2457,877,223
12/18/2018,29483,1239,292,191
12/19/2018,30679,2687,676,517
12/20/2018,30278,2576,895,522
12/21/2018,30863,2288,702,444
12/22/2018,30760,902,164,93
12/23/2018,31083,1886,546,405
12/24/2018,30083,2385,776,465
12/25/2018,29794,1143,321,264
12/26/2018,30775,3404,927,581
12/27/2018,30986,1479,349,190
12/28/2018,30610,531,255,105
12/29/2018,30699,2652,794,394
12/30/2018,31346,1127,182,107
12/31/2018,30497,1867,465,338
01/01/2019,30590,664,195,118
01/02/2019,31151,673,133,129
01/03/2019,31137,897,318,98
01/04/2019,30908,2538,1003,311
01/05/2019,31320,1545,684,156
01/06/2019,31021,3064,914,362
01/07/2019,30401,2943,1031,229
01/08/2019,29945,563,230,124
01/09/2019,30898,2049,360,479
01/10/2019,30607,1704,274,368
01/11/2019,31100,924,413,122
01/12/2019,31381,524,128,147
01/13/2019,30865,885,247,173
01/14/2019,30805,898,260,197
01/15/2019,30291,1741,324,410
01/16/2019,30499,1190,424,219
01/17/2019,31383,2087,788,227
01/18/2019,31439,3283,773,439
01/19/2019,31634,669,104,51
01/20/2019,31296,2511,564,593
01/21/2019,29920,1992,733,426
01/22/2019,30206,3016,978,300
01/23/2019,30946,3043,1216,442
01/24/2019,31050,3103,1344,715
01/25/2019,31422,3172,554,536
01/26/2019,30925,2344,761,216
01/27/2019,31198,1834,809,279
01/28/2019,29737,2431,404,297
01/29/2019,30111,616,205,55
01/30/2019,30679,1496,563,131
01/31/2019,31091,1083,350,211
02/01/2019,31514,1234,222,154
02/02/2019,31704,1905,442,182
02/03/2019,31588,2394,566,440
02/04/2019,30402,1788,357,252
02/05/2019,30406,1366,254,287
02/06/2019,30580,1511,275,230
02/07/2019,30967,951,331,190
02/08/2019,31352,3447,914,259
02/09/2019,31568,830,389,143
02/10/2019,31016,2686,944,561
02/11/2019,30833,2661,928,675
02/12/2019,30707,2798,673,206
02/13/2019,30896,2183,664,300
02/14/2019,31346,3204,1077,446
02/15/2019,31231,1252,211,238
02/16/2019,30900,3150,773,748
02/17/2019,31332,1503,665,267
02/18/2019,30376,3033,928,275
02/19/2019,30708,1470,612,334
02/20/2019,31159,1921,791,116
02/21/2019,31753,3093,647,199
02/22/2019,31057,633,235,69
02/23/2019,31282,1233,186,105
02/24/2019,31636,1775,576,180
02/25/2019,30644,595,274,109
02/26/2019,30730,1697,381,367
02/27/2019,31266,3023,768,457
02/28/2019,31200,2455,889,513
03/01/2019,32053,1412,481,252
03/02/2019,32115,877,281,84
03/03/2019,31346,2918,838,307
03/04/2019,31504,679,275,81
03/05/2019,31147,1845,567,203
03/06/2019,31387,1212,444,255
03/07/2019,31355,2092,586,229
03/08/2019,32117,2263,962,193
03/09/2019,31563,972,420,176
03/10/2019,31812,493,211,36
03/11/2019,30960,489,273,136
03/12/2019,30369,1175,422,157
03/13/2019,30968,1245,371,142
03/14/2019,31027,3500,1194,425
03/15/2019,31994,3420,857,262
03/16/2019,31742,1921,654,112
03/17/2019,31933,2785,1039,592
03/18/2019,30632,795,362,159
03/19/2019,31059,1698,491,269
03/20/2019,31197,1477,371,203
03/21/2019,31660,3139,684,274
03/22/2019,31581,2822,591,323
03/23/2019,32024,1333,200,226
03/24/2019,31840,591,94,74
03/25/2019,30905,1966,586,327
03/26/2019,30908,1558,629,295
03/27/2019,31331,2296,825,292
03/28/2019,31413,1626,468,161
03/29/2019,32044,2772,930,506
03/30/2019,32018,1024,396,72
03/31/2019,32161,2170,854,301
04/01/2019,31435,2240,949,426
04/02/2019,31264,954,211,69
04/03/2019,31202,2184,783,312
04/04/2019,31276,2811,422,177
04/05/2019,32294,915,405,104
04/06/2019,32072,597,202,105
04/07/2019,32250,3520,933,243
04/08/2019,30937,3448,1315,455
04/09/2019,30870,2936,1342,549
04/10/2019,31173,3374,1542,452
04/11/2019,31474,2724,931,372
04/12/2019,31811,2239,967,554
04/13/2019,31401,3165,1381,352
04/14/2019,31823,597,283,133
04/15/2019,30823,2096,513,156
04/16/2019,31198,1024,407,87
04/17/2019,31624,1786,824,261
04/18/2019,32152,3019,471,386
04/19/2019,31726,2751,539,428
04/20/2019,32227,2524,404,415
04/21/2019,32054,1614,520,120
04/22/2019,31118,3264,1041,319
04/23/2019,31459,3152,927,542
04/24/2019,31486,1816,300,192
04/25/2019,31546,3112,1291,527
04/26/2019,31700,2206,776,156
04/27/2019,32023,1372,418,180
04/28/2019,31929,1653,695,246
04/29/2019,30990,3070,1254,343
04/30/2019,30766,2160,663,122
05/01/2019,31666,449,119,120
05/02/2019,32050,3156,1135,641
05/03/2019,31869,2569,941,378
05/04/2019,32412,1998,760,441
05/05/2019,32537,946,351,108
05/06/2019,31771,1562,452,308
05/07/2019,31143,3220,466,373
05/08/2019,32354,2777,736,299
05/09/2019,31752,970,247,172
05/10/2019,32375,2583,659,187
05/11/2019,31840,2903,716,335
05/12/2019,32122,3119,1207,507
05/13/2019,31206,1169,348,246
05/14/2019,31268,1612,512,360
05/15/2019,31984,939,388,137
05/16/2019,32470,1152,278,106
05/17/2019,32179,1900,344,276
05/18/2019,32559,3588,842,366
05/19/2019,32516,2869,1259,375
05/20/2019,31518,1467,463,222
05/21/2019,30808,2711,995,654
05/22/2019,32502,2911,625,409
05/23/2019,31799,460,178,117
05/24/2019,32424,2598,767,184
05/25/2019,32743,3518,1125,599
05/26/2019,32111,3284,796,425
05/27/2019,31198,1931,599,299
05/28/2019,31230,548,248,145
05/29/2019,32268,1079,247,113
05/30/2019,32171,2352,334,414
05/31/2019,31969,2340,915,369
06/01/2019,31945,673,166,172
06/02/2019,32808,976,269,202
06/03/2019,30970,3316,715,559
06/04/2019,31846,2684,1036,469
06/05/2019,32594,1626,714,280
06/06/2019,32641,2976,689,415
06/07/2019,32213,1670,497,216
06/08/2019,32100,2417,949,522
06/09/2019,32030,1896,307,384
06/10/2019,32145,1888,831,327
06/11/2019,31608,2291,988,209
06/12/2019,32722,1767,270,280
06/13/2019,32449,1146,243,159
06/14/2019,32912,2298,766,555
06/15/2019,32878,1623,354,276
06/16/2019,32861,823,366,170
06/17/2019,32048,1753,711,296
06/18/2019,32134,719,268,128
06/19/2019,32730,1089,395,275
06/20/2019,32280,591,237,92
06/21/2019,32589,1094,289,135
06/22/2019,32255,2740,1031,367
06/23/2019,32184,3571,1342,396
06/24/2019,32050,901,216,209
06/25/2019,32288,711,276,81
06/26/2019,32502,2580,996,266
06/27/2019,32161,1460,257,140
06/28/2019,32610,3433,779,432
06/29/2019,32429,983,358,157
06/30/2019,32380,1180,425,162
07/01/2019,32231,2588,1090,553
07/02/2019,31861,685,269,78
07/03/2019,32585,1568,384,314
07/04/2019,32588,2904,781,180
07/05/2019,32869,2872,436,262
07/06/2019,32420,2323,542,285
07/07/2019,32968,1453,466,275
07/08/2019,32478,3543,869,520
07/09/2019,31889,1882,285,173
07/10/2019,32277,3508,1164,381
07/11/2019,32650,3614,851,319
07/12/2019,32847,951,262,92
07/13/2019,33273,3439,1174,375
07/14/2019,32932,1399,569,216
07/15/2019,32220,1258,535,230
07/16/2019,32480,3007,820,270
07/17/2019,32367,2513,746,541
07/18/2019,32524,1925,659,201
07/19/2019,32919,1993,780,160
07/20/2019,32485,2724,597,486
07/21/2019,32480,2763,908,263
07/22/2019,32387,990,276,175
07/23/2019,32481,2531,791,363
07/24/2019,32290,742,232,74
07/25/2019,32551,1990,524,420
07/26/2019,32682,976,273,92
07/27/2019,33196,3229,846,481
07/28/2019,33303,740,286,136
07/29/2019,32353,1930,645,239
07/30/2019,32713,2718,862,419
07/31/2019,32657,1751,323,139
08/01/2019,33252,2217,386,235
08/02/2019,33475,956,391,163
08/03/2019,32678,1386,339,138
08/04/2019,32633,1218,508,235
08/05/2019,32265,520,190,111
08/06/2019,32304,1470,509,307
08/07/2019,32423,875,204,170
08/08/2019,32912,2353,979,293
08/09/2019,33439,763,111,103
08/10/2019,33192,2909,1116,505
08/11/2019,33140,3059,1057,194
08/12/2019,32574,2790,1127,334
08/13/2019,31993,580,178,41
08/14/2019,33254,3311,1394,648
08/15/2019,32692,847,430,98
08/16/2019,32905,1069,206,118
08/17/2019,33243,1702,620,210
08/18/2019,32901,1214,288,197
08/19/2019,32144,3053,731,317
08/20/2019,32004,1271,494,273
08/21/2019,33270,612,234,130
08/22/2019,32746,3637,1186,402
08/23/2019,38868,2356,710,340
08/24/2019,38864,1146,289,189
08/25/2019,39564,645,170,78
08/26/2019,34612,3484,879,304
08/27/2019,36695,3566,567,261
08/28/2019,35947,2936,908,404
08/29/2019,35357,2068,490,408
08/30/2019,40926,2479,873,288
08/31/2019,39564,1945,594,388
09/01/2019,40361,2431,896,153
09/02/2019,34377,2062,892,482
09/03/2019,39595,967,414,93
09/04/2019,37517,3636,646,641
09/05/2019,41484,2674,867,650
09/06/2019,35886,2236,599,258
09/07/2019,40006,3243,892,525
09/08/2019,36607,1221,197,116
09/09/2019,40470,2403,878,322
09/10/2019,40738,1352,504,170
09/11/2019,36279,660,242,115
09/12/2019,33817,2795,533,477
09/13/2019,33405,2740,530,195
09/14/2019,33098,1072,258,104
09/15/2019,33332,3543,726,883
09/16/2019,32316,3105,1091,706
09/17/2019,31908,475,96,115
09/18/2019,33601,2591,524,253
09/19/2019,33894,1334,396,123
09/20/2019,33848,3559,1347,318
09/21/2019,33442,3558,1566,696
09/22/2019,33570,633,231,109
09/23/2019,32395,877,174,217
09/24/2019,32470,2500,1003,201
09/25/2019,33157,1603,722,335
09/26/2019,33416,3063,1187,440
09/27/2019,33969,2617,1169,408
09/28/2019,33527,2095,516,444
09/29/2019,34046,1208,424,206
09/30/2019,33348,2206,641,369
10/01/2019,32723,2877,1281,179
10/02/2019,33294,1719,724,310
10/03/2019,33363,1770,413,245
10/04/2019,33907,584,286,95
10/05/2019,33285,2861,897,287
10/06/2019,33243,1387,505,282
10/07/2019,33249,3242,618,601
10/08/2019,32826,1093,146,76
10/09/2019,33753,2054,376,200
10/10/2019,33345,3565,802,369
10/11/2019,33593,3775,696,419
10/12/2019,33877,758,200,52
10/13/2019,33369,3288,997,303
10/14/2019,33184,2756,1195,556
10/15/2019,33442,709,97,119
10/16/2019,33567,2254,393,438
10/17/2019,33539,3711,732,485
10/18/2019,34179,2742,1147,410
10/19/2019,33872,2077,859,243
10/20/2019,33752,2150,863,206
10/21/2019,33347,1858,709,221
10/22/2019,33120,1467,562,213
10/23/2019,33573,3329,729,349
10/24/2019,33570,911,259,166
10/25/2019,34078,3231,768,647
10/26/2019,33649,3176,667,453
10/27/2019,33575,949,411,175
10/28/2019,32698,690,150,156
10/29/2019,32978,981,408,163
10/30/2019,33514,1328,292,197
10/31/2019,34198,1008,160,186
11/01/2019,34213,765,221,40
11/02/2019,33875,3331,1275,635
11/03/2019,34122,729,194,65
11/04/2019,33090,1302,593,207
11/05/2019,33761,484,249,123
11/06/2019,33474,3310,798,687
11/07/2019,34258,2670,1017,273
11/08/2019,34016,982,151,91
11/09/2019,33766,2364,658,566
11/10/2019,33681,638,161,65
11/11/2019,32693,2574,782,298
11/12/2019,33516,3664,685,729
11/13/2019,33451,1389,573,166
11/14/2019,33524,1981,864,403
11/15/2019,34443,1452,605,89
11/16/2019,34506,1586,472,139
11/17/2019,34621,1526,505,220
11/18/2019,33619,579,229,118
11/19/2019,33190,526,124,126
11/20/2019,33609,3287,601,757
11/21/2019,34177,3593,775,650
11/22/2019,34171,909,152,254
11/23/2019,34391,3767,1225,415
11/24/2019,34543,3025,999,661
11/25/2019,33679,1671,332,182
11/26/2019,33827,2042,378,204
11/27/2019,33765,2143,643,205
11/28/2019,33789,594,175,79
11/29/2019,34250,2162,305,302
11/30/2019,34688,1424,364,175
12/01/2019,34187,1968,771,335
12/02/2019,33692,2121,754,431
12/03/2019,33605,3193,825,270
12/04/2019,33862,2847,1177,318
12/05/2019,33930,2025,546,218
12/06/2019,34619,3336,1525,605
12/07/2019,34641,2436,733,307
12/08/2019,34433,3806,670,328
12/09/2019,33270,1191,250,303
12/10/2019,33485,1484,654,170
12/11/2019,33974,1368,457,195
12/12/2019,34424,949,345,175
12/13/2019,34785,3771,1528,358
12/14/2019,34484,1461,338,218
12/15/2019,34095,1368,529,277
12/16/2019,33805,3798,1527,615
12/17/2019,33967,3711,1525,670
12/18/2019,33760,2754,701,426
12/19/2019,34293,3091,822,266
12/20/2019,34214,2309,928,217
12/21/2019,34707,1077,245,242
12/22/2019,34322,3402,1189,642
12/23/2019,33049,1614,297,133
12/24/2019,33617,2982,745,249
12/25/2019,34116,1714,439,127
12/26/2019,34791,2004,468,211
12/27/2019,34877,727,287,129
12/28/2019,34551,3508,1023,692
12/29/2019,34611,746,238,49
12/30/2019,33865,975,348,99
12/31/2019,33577,2446,490,164
01/01/2020,34630,3076,1096,309
01/02/2020,34872,1646,373,306
01/03/2020,34666,1431,232,133
01/04/2020,34186,2597,710,369
01/05/2020,34992,2699,1009,425
01/06/2020,34030,2406,700,492
01/07/2020,34221,2711,852,358
01/08/2020,34007,2252,996,490
01/09/2020,34160,3129,1042,520
01/10/2020,34562,1039,174,176
01/11/2020,34553,2052,390,207
01/12/2020,34783,932,307,82
01/13/2020,33790,1846,601,237
01/14/2020,33906,2932,1055,223
01/15/2020,34120,1345,489,308
01/16/2020,34711,645,198,73
01/17/2020,35019,1365,495,327
01/18/2020,34828,1866,754,268
01/19/2020,35223,1705,685,240
01/20/2020,33702,601,121,129
01/21/2020,34233,3746,628,589
01/22/2020,34456,1677,493,335
01/23/2020,35114,2889,1230,239
01/24/2020,34703,1072,155,112
01/25/2020,34583,1378,578,94
01/26/2020,34992,2770,714,198
01/27/2020,33630,865,312,196
01/28/2020,33731,3384,1246,309
01/29/2020,34792,3612,675,332
01/30/2020,34861,713,226,78
01/31/2020,34320,1376,384,214
02/01/2020,34833,1458,620,332
02/02/2020,34838,1057,413,172
02/03/2020,33990,3113,975,521
02/04/2020,34546,1767,370,172
02/05/2020,34242,1736,410,312
02/06/2020,34632,1449,220,164
02/07/2020,34805,3498,622,780
02/08/2020,34918,1112,176,108
02/09/2020,35076,1074,444,135
02/10/2020,34702,2208,684,197
02/11/2020,34233,2995,573,613
02/12/2020,35204,2012,842,177
02/13/2020,35342,1078,299,120
02/14/2020,34902,2064,852,239
02/15/2020,35238,3764,950,245
02/16/2020,35082,2840,552,316
02/17/2020,34424,1684,527,178
02/18/2020,34765,2392,475,161
02/19/2020,34489,2679,686,413
02/20/2020,35228,3158,870,694
02/21/2020,35369,3792,1675,554
02/22/2020,34728,542,152,100
02/23/2020,35169,1135,353,243
02/24/2020,34270,1654,611,160
02/25/2020,34216,1880,362,164
02/26/2020,34571,3770,1475,388
02/27/2020,35392,1110,352,156
02/28/2020,35358,3414,1042,234
02/29/2020,35048,2137,355,441
03/01/2020,35004,3832,1714,514
03/02/2020,34722,1659,391,194
03/03/2020,34406,1079,182,138
03/04/2020,35110,3125,1364,406
03/05/2020,34829,2077,767,201
03/06/2020,35071,3157,971,633
03/07/2020,35316,3208,848,491
03/08/2020,35045,3852,992,576
03/09/2020,34292,1719,475,230
03/10/2020,33970,1666,573,339
03/11/2020,34900,1974,559,331
03/12/2020,35109,2005,541,160
03/13/2020,35599,3134,1002,317
03/14/2020,35455,2740,807,406
03/15/2020,34989,1346,502,95
03/16/2020,34668,3683,1466,534
03/17/2020,35169,3066,1354,763
03/18/2020,34758,1663,623,296
03/19/2020,35713,3153,939,512
03/20/2020,35613,3813,1693,296
03/21/2020,35320,2826,979,313
03/22/2020,34971,2533,439,209
03/23/2020,34929,3680,1162,367
03/24/2020,34914,3424,961,288
03/25/2020,35076,2809,1026,534
03/26/2020,35190,2673,1003,320
03/27/2020,35197,4004,1230,624
03/28/2020,35133,1223,168,260
03/29/2020,35078,1725,367,353
03/30/2020,34492,3134,617,481
03/31/2020,34482,1061,307,96
04/01/2020,35418,1803,764,208
04/02/2020,35441,2077,335,212
04/03/2020,35304,2402,539,350
04/04/2020,35064,784,119,80
04/05/2020,35559,2414,883,310
04/06/2020,34969,1236,396,195
04/07/2020,34042,2619,871,490
04/08/2020,35388,2207,397,261
04/09/2020,35726,1233,336,116
04/10/2020,35980,1870,754,246
04/11/2020,35334,3492,561,543
04/12/2020,35608,2286,632,447
04/13/2020,34372,616,130,61
04/14/2020,34054,690,279,143
04/15/2020,35571,2536,513,380
04/16/2020,35858,1135,179,75
04/17/2020,36078,1071,401,168
04/18/2020,36105,604,289,56
04/19/2020,35750,3874,968,575
04/20/2020,34463,1319,578,168
04/21/2020,34843,613,151,70
04/22/2020,35793,1028,367,99
04/23/2020,35705,3534,1230,351
04/24/2020,35306,678,317,105
04/25/2020,35685,702,113,124
04/26/2020,35835,3766,775,335
04/27/2020,35033,631,255,135
04/28/2020,34973,705,257,82
04/29/2020,35949,1427,210,239
04/30/2020,35815,670,204,121
05/01/2020,35963,2489,444,192
05/02/2020,35900,1289,325,166
05/03/2020,35348,3950,853,838
05/04/2020,34839,3751,607,393
05/05/2020,35113,736,275,76
05/06/2020,35811,1052,232,156
05/07/2020,36170,2525,986,251
05/08/2020,35775,2164,873,368
05/09/2020,35518,3145,1277,519
05/10/2020,35716,2531,618,305
05/11/2020,34498,3769,1592,456
05/12/2020,35809,3541,1532,600
05/13/2020,36102,2892,1125,374
05/14/2020,35889,775,184,115
05/15/2020,36053,2229,850,206
05/16/2020,35964,3797,1604,763
05/17/2020,35651,3610,1097,677
05/18/2020,35241,2163,372,405
05/19/2020,34423,3167,896,456
05/20/2020,35662,2904,1071,469
05/21/2020,35792,1006,265,187
05/22/2020,36557,942,289,123
05/23/2020,36156,3518,603,579
05/24/2020,36304,3153,511,684
05/25/2020,35397,570,139,148
05/26/2020,34691,2418,919,456
05/27/2020,35655,1882,353,138
05/28/2020,36086,3392,743,605
05/29/2020,36001,3990,1056,690
05/30/2020,35837,2825,741,698
05/31/2020,35595,661,142,122
06/01/2020,35483,1717,507,225
06/02/2020,34660,1740,328,335
06/03/2020,36305,3242,1273,352
06/04/2020,36255,3228,1184,422
06/05/2020,36590,810,228,91
06/06/2020,35714,2914,684,188
06/07/2020,35722,3241,1443,393
06/08/2020,35513,1734,263,280
06/09/2020,35504,3752,572,486
06/10/2020,35522,3817,896,484
06/11/2020,36252,1156,469,102
06/12/2020,36582,1559,601,223
06/13/2020,36696,1041,440,182
06/14/2020,35963,1332,272,302
06/15/2020,35677,681,141,145
06/16/2020,35564,1020,438,115
06/17/2020,35605,2690,483,647
06/18/2020,35986,2901,856,194
06/19/2020,36488,1029,441,204
06/20/2020,36399,3232,935,469
06/21/2020,36624,2441,978,291
06/22/2020,35680,3471,701,457
06/23/2020,36122,2077,570,347
06/24/2020,36021,3563,569,848
06/25/2020,36166,3130,1061,594
06/26/2020,36506,2949,889,604
06/27/2020,36601,3238,872,395
06/28/2020,36451,2404,552,254
06/29/2020,35019,3248,974,390
06/30/2020,35609,3578,1482,523
07/01/2020,36625,2207,470,317
07/02/2020,36675,2250,322,393
07/03/2020,36216,3665,1116,693
07/04/2020,36431,3048,432,447
07/05/2020,36472,2917,603,290
07/06/2020,35865,2404,1007,344
07/07/2020,35645,3811,1200,628
07/08/2020,36640,3762,1250,537
07/09/2020,36165,2232,344,193
07/10/2020,36437,3248,971,743
07/11/2020,36690,554,245,78
07/12/2020,36943,2929,662,293
07/13/2020,35798,2328,639,442
07/14/2020,36110,3447,1060,282
07/15/2020,36396,1026,322,100
07/16/2020,36105,2362,453,290
07/17/2020,36983,2590,886,260
07/18/2020,36365,1083,401,177
07/19/2020,37093,1769,343,159
07/20/2020,36073,3007,889,505
07/21/2020,36364,1405,609,100
07/22/2020,36839,3893,828,677
07/23/2020,36826,2657,378,397
07/24/2020,36604,2628,380,516
07/25/2020,36326,3544,760,544
07/26/2020,36754,2965,955,292
07/27/2020,36061,1791,515,173
07/28/2020,35812,990,309,125
07/29/2020,36253,754,115,79
07/30/2020,36612,1183,228,221
07/31/2020,36930,2519,506,418
08/01/2020,36421,777,276,124
08/02/2020,36265,2501,1065,346
08/03/2020,36389,3149,965,504
08/04/2020,35676,1615,388,213
08/05/2020,36855,977,389,227
08/06/2020,36978,3349,1235,526
08/07/2020,36677,1431,232,102
08/08/2020,36734,3582,1377,551
08/09/2020,36708,3460,783,356
08/10/2020,36545,1737,285,238
08/11/2020,35546,3154,1045,432
08/12/2020,36126,2611,454,498
08/13/2020,36416,687,159,80
08/14/2020,37463,4002,1605,1042
08/15/2020,36841,2368,349,403
08/16/2020,36835,2827,727,715
08/17/2020,36356,1717,516,268
08/18/2020,35966,1914,639,180
08/19/2020,36539,3425,715,383
08/20/2020,37131,894,196,110
08/21/2020,36763,3682,912,671
08/22/2020,36750,2827,614,289
08/23/2020,36840,1789,819,145
08/24/2020,35823,2485,920,524
08/25/2020,35896,2460,1087,445
08/26/2020,36707,1825,308,252
08/27/2020,37256,3368,885,629
08/28/2020,37352,2167,437,300
08/29/2020,36944,2264,900,258
08/30/2020,36782,2949,672,697
08/31/2020,36395,1696,323,293
09/01/2020,36091,681,149,126
09/02/2020,36375,2210,413,321
09/03/2020,37330,3039,1196,476
09/04/2020,36961,1837,734,251
09/05/2020,36725,3177,1220,690
09/06/2020,36989,3501,841,409
09/07/2020,36681,3330,973,430
09/08/2020,36631,954,237,137
09/09/2020,36365,4009,1559,638
09/10/2020,36628,3325,558,289
09/11/2020,37380,713,300,60
09/12/2020,37164,3345,1157,420
09/13/2020,36660,2152,439,163
09/14/2020,36146,2076,736,264
09/15/2020,36906,3977,832,510
09/16/2020,36994,661,248,77
09/17/2020,36817,695,205,72
09/18/2020,36759,2541,823,276
09/19/2020,37276,2032,528,485
09/20/2020,37125,820,191,43
09/21/2020,36583,3738,1479,675
09/22/2020,36126,2331,1031,235
09/23/2020,36576,1940,274,444
09/24/2020,36961,664,330,78
09/25/2020,37012,3226,1324,292
09/26/2020,37301,2545,1134,329
09/27/2020,36869,1359,338,186
09/28/2020,36468,3955,1630,527
09/29/2020,36586,1475,559,221
09/30/2020,36926,3992,965,260
10/01/2020,37563,1740,679,153
10/02/2020,36925,2275,465,270
10/03/2020,37648,4131,1097,530
10/04/2020,37229,4058,1257,523
10/05/2020,36427,1709,308,245
10/06/2020,36324,1474,649,148
10/07/2020,37581,831,132,145
10/08/2020,37154,3347,1060,373
10/09/2020,37833,1134,443,299
10/10/2020,38016,1195,333,163
10/11/2020,37703,2816,532,314
10/12/2020,37044,3154,1143,549
10/13/2020,36702,2212,760,313
10/14/2020,37094,1011,242,108
10/15/2020,37185,3240,1060,239
10/16/2020,37728,1147,222,126
10/17/2020,37995,727,119,71
10/18/2020,37323,3407,1097,359
10/19/2020,37067,3965,1761,462
10/20/2020,36114,2163,541,226
10/21/2020,37454,4125,1375,609
10/22/2020,37588,2356,488,319
10/23/2020,37523,1582,326,192
10/24/2020,37925,4153,775,476
10/25/2020,37579,3266,833,255
10/26/2020,36235,1441,551,256
10/27/2020,37098,2994,1016,562
10/28/2020,37601,3301,1094,623
10/29/2020,36961,2222,865,346
10/30/2020,38061,3709,1409,415
10/31/2020,37199,3038,712,500
11/01/2020,37682,1832,279,188
11/02/2020,36475,567,231,82
11/03/2020,36916,2464,1099,359
11/04/2020,37275,1137,255,219
11/05/2020,37602,2352,489,363
11/06/2020,37523,2858,1190,500
11/07/2020,37593,1606,313,238
11/08/2020,37530,3835,893,522
11/09/2020,36393,1658,687,223
11/10/2020,36764,1876,488,179
11/11/2020,37150,1513,281,182
11/12/2020,37759,3780,1077,535
11/13/2020,37291,649,142,45
11/14/2020,38167,4082,1601,491
11/15/2020,37513,3834,1117,344
11/16/2020,36922,3515,697,693
11/17/2020,37185,4061,1009,618
11/18/2020,37680,2303,733,306
11/19/2020,37251,3584,931,594
11/20/2020,37950,4095,1769,362
11/21/2020,37527,2648,967,200
11/22/2020,38070,3208,975,456
11/23/2020,37239,924,162,110
11/24/2020,36928,1773,439,207
11/25/2020,37863,2171,490,189
11/26/2020,37937,690,179,122
11/27/2020,38141,1943,655,150
11/28/2020,38217,1134,168,225
11/29/2020,37447,2113,606,415
11/30/2020,36966,1508,554,172
12/01/2020,37663,3758,1103,348
12/02/2020,37607,2740,599,223
12/03/2020,37892,2173,941,308
12/04/2020,37715,2556,629,680
12/05/2020,37574,2176,585,416
12/06/2020,38025,1251,348,170
12/07/2020,36993,1324,469,318
12/08/2020,36800,3304,1088,566
12/09/2020,37343,3325,1509,591
12/10/2020,37700,2640,1023,359
12/11/2020,38415,2050,377,419
12/12/2020,38057,2498,659,360
12/13/2020,37944,2819,1322,463
12/14/2020,36557,970,329,197
12/15/2020,36672,2626,1025,536
12/16/2020,38292,3756,821,621
12/17/2020,38373,3398,1316,638
12/18/2020,37830,1232,215,260
12/19/2020,38163,1106,203,270
12/20/2020,38543,2128,654,329
12/21/2020,36704,1099,308,259
12/22/2020,37639,2623,488,244
12/23/2020,38185,1480,419,269
12/24/2020,38285,1554,630,271
12/25/2020,38713,3736,1207,634
12/26/2020,38390,1501,391,120
12/27/2020,38619,3048,1056,465
12/28/2020,37449,2166,376,352
12/29/2020,37836,1805,817,391
12/30/2020,38320,701,187,95
12/31/2020,38446,4037,785,504
01/01/2021,38019,1669,500,260
01/02/2021,38624,2050,341,295
01/03/2021,38082,2690,924,238
01/04/2021,37807,3604,1633,750
01/05/2021,37246,3369,595,410
01/06/2021,37646,2381,428,213
01/07/2021,37778,3351,1051,228
01/08/2021,38802,3430,1464,310
01/09/2021,38349,1192,306,117
01/10/2021,38268,3372,1431,695
01/11/2021,37558,2619,386,463
01/12/2021,37234,1241,346,110
01/13/2021,37763,2184,722,536
01/14/2021,38485,2885,937,432
01/15/2021,38288,3525,1092,716
01/16/2021,38790,3760,758,387
01/17/2021,38416,1911,360,154
01/18/2021,37650,2295,736,164
01/19/2021,38279,4210,1394,317
01/20/2021,38059,1180,452,150
01/21/2021,38014,1160,284,68
01/22/2021,38108,2756,1088,297
01/23/2021,38613,4173,878,696
01/24/2021,38286,4106,1378,585
01/25/2021,37556,2321,334,287
01/26/2021,37841,1791,785,296
01/27/2021,38492,4051,996,628
01/28/2021,38330,3319,511,429
01/29/2021,38352,3419,1442,886
01/30/2021,38260,3363,1166,292
01/31/2021,38246,3494,752,542
02/01/2021,37836,2661,939,511
02/02/2021,37970,2145,401,190
02/03/2021,38501,852,121,133
02/04/2021,38536,3326,684,761
02/05/2021,38854,1082,423,190
02/06/2021,38867,735,320,179
02/07/2021,38164,815,114,171
02/08/2021,38304,971,203,129
02/09/2021,37728,2167,689,345
02/10/2021,38071,3431,818,572
02/11/2021,38583,3365,617,358
02/12/2021,38740,4218,1558,493
02/13/2021,38666,847,222,45
02/14/2021,38515,3083,1070,680
02/15/2021,38665,4176,953,517
02/16/2021,38346,2152,993,293
02/17/2021,38015,4226,1085,367
02/18/2021,39052,3832,1256,696
02/19/2021,38883,1519,521,206
02/20/2021,39147,3365,965,655
02/21/2021,38365,3738,1222,395
02/22/2021,38504,1640,619,279
02/23/2021,38234,2649,839,603
02/24/2021,38086,1105,228,131
02/25/2021,38549,2347,390,264
02/26/2021,39326,3423,795,466
02/27/2021,38823,824,176,161
02/28/2021,38761,1967,593,395
03/01/2021,37908,867,151,129
03/02/2021,37658,772,164,93
03/03/2021,39000,2058,343,310
03/04/2021,38937,4125,927,937
03/05/2021,39390,936,307,174
03/06/2021,38475,1363,230,262
03/07/2021,39407,1753,711,311
03/08/2021,38491,1920,529,468
03/09/2021,38102,812,203,67
03/10/2021,39067,697,137,168
03/11/2021,39312,3004,736,319
03/12/2021,38814,1163,404,144
03/13/2021,39221,3395,520,422
03/14/2021,38693,3823,807,830
03/15/2021,38476,2692,1163,595
03/16/2021,38774,1466,605,139
03/17/2021,38325,2649,1151,244
03/18/2021,38900,1075,357,162
03/19/2021,39561,2204,417,499
03/20/2021,39341,3188,585,655
03/21/2021,39255,3061,1080,456
03/22/2021,38654,712,287,156
03/23/2021,37843,597,188,58
03/24/2021,38969,3574,517,350
03/25/2021,38831,815,223,135
03/26/2021,39344,1546,678,101
03/27/2021,39016,1428,371,341
03/28/2021,38868,1836,366,291
03/29/2021,38020,2391,880,276
03/30/2021,38133,2426,856,222
03/31/2021,39196,4172,1182,722
04/01/2021,39523,1403,386,314
04/02/2021,39616,3157,958,630
04/03/2021,38989,1962,619,124
04/04/2021,39584,3134,929,482
04/05/2021,38025,1015,431,151
04/06/2021,38283,4337,1246,733
04/07/2021,39317,1621,461,296
04/08/2021,39172,3198,1111,273
04/09/2021,38933,3996,1588,383
04/10/2021,39119,1551,529,241
04/11/2021,39128,2350,721,179
04/12/2021,38591,2571,562,448
04/13/2021,38119,3028,850,546
04/14/2021,39125,3088,863,571
04/15/2021,39556,2750,1057,560
04/16/2021,39737,3110,1116,230
04/17/2021,38960,783,171,80
04/18/2021,39767,647,202,92
04/19/2021,39178,744,299,71
04/20/2021,38675,4191,1800,980
04/21/2021,39000,3963,1312,513
04/22/2021,39389,1994,446,459
04/23/2021,39854,3111,685,398
04/24/2021,39181,3607,946,452
04/25/2021,39810,2348,955,361
04/26/2021,38830,4144,1393,1102
04/27/2021,38705,1479,351,171
04/28/2021,39573,2320,812,386
04/29/2021,39431,2061,369,367
04/30/2021,39389,3562,876,268
05/01/2021,39694,2394,888,392
05/02/2021,39164,3114,686,275
05/03/2021,38092,1492,486,281
05/04/2021,38702,1389,486,287
05/05/2021,39501,4294,1917,709
05/06/2021,39225,1166,455,118
05/07/2021,39129,3080,844,630
05/08/2021,39700,3850,900,631
05/09/2021,39184,3899,1014,272
05/10/2021,38554,4190,1633,619
05/11/2021,38476,1899,494,425
05/12/2021,39628,4176,683,501
05/13/2021,39819,768,203,97
05/14/2021,39254,2858,821,549
05/15/2021,39322,4337,730,722
05/16/2021,39489,2355,798,382
05/17/2021,38407,3667,1447,411
05/18/2021,38407,1813,648,180
05/19/2021,38899,1943,330,233
05/20/2021,39231,4435,1504,469
05/21/2021,39872,1262,176,241
05/22/2021,39768,1576,707,139
05/23/2021,39704,2359,681,263
05/24/2021,39362,2162,693,202
05/25/2021,39269,1176,359,224
05/26/2021,39529,3868,1479,526
05/27/2021,39835,1501,673,134
05/28/2021,39989,2883,1152,191
05/29/2021,39426,3173,1413,315
05/30/2021,39636,4238,1080,595
05/31/2021,38621,3104,828,326
06/01/2021,38535,3756,1528,631
06/02/2021,39027,3035,1310,496
06/03/2021,39549,4338,1076,814
06/04/2021,39327,1103,295,150
06/05/2021,39599,830,244,143
06/06/2021,39739,1569,362,289
06/07/2021,39358,1275,440,114
06/08/2021,39149,2664,726,226
06/09/2021,39084,1146,516,173
06/10/2021,39713,840,149,102
06/11/2021,39821,4191,1694,791
06/12/2021,39632,1533,553,283
06/13/2021,39940,1998,787,337
06/14/2021,38952,1670,559,238
06/15/2021,38878,4305,1276,534
06/16/2021,39985,1861,587,329
06/17/2021,39546,1856,648,287
06/18/2021,40505,1142,367,121
06/19/2021,39812,3981,1183,709
06/20/2021,40045,4085,907,773
06/21/2021,39432,1541,591,255
06/22/2021,39383,3760,1281,332
06/23/2021,40051,2047,706,345
06/24/2021,39920,4342,1602,743
06/25/2021,39942,3154,1391,546
06/26/2021,40442,1572,710,291
06/27/2021,40129,1935,691,160
06/28/2021,38694,1931,559,374
06/29/2021,38979,1980,389,153
06/30/2021,39903,4451,1512,743
07/01/2021,40068,2334,875,510
07/02/2021,40124,1645,587,175
07/03/2021,40137,3176,540,522
07/04/2021,39705,2691,1218,367
07/05/2021,38668,2679,513,463
07/06/2021,39507,1932,405,446
07/07/2021,40062,2439,779,236
07/08/2021,40248,1491,379,227
07/09/2021,40350,3196,762,253
07/10/2021,39873,3120,858,219
07/11/2021,39758,1933,654,267
07/12/2021,39977,4380,1202,1071
07/13/2021,39447,3874,660,589
07/14/2021,40416,3822,1261,946
07/15/2021,40293,1898,633,264
07/16/2021,40066,3685,1502,435
07/17/2021,39958,3129,604,375
07/18/2021,40253,1601,635,311
07/19/2021,39503,3148,745,484
07/20/2021,38828,2754,1003,293
07/21/2021,39539,3506,1599,461
07/22/2021,39837,2026,376,140
07/23/2021,39926,4022,717,735
07/24/2021,40235,4045,1152,329
07/25/2021,40237,2665,835,445
07/26/2021,39774,1216,410,165
07/27/2021,39009,1137,245,151
07/28/2021,39928,2995,1171,665
07/29/2021,40691,3151,604,675
07/30/2021,39960,3662,574,478
07/31/2021,40441,1554,256,347
08/01/2021,39965,1618,478,151
08/02/2021,39705,1222,433,117
08/03/2021,38997,2245,466,266
08/04/2021,40500,1305,190,141
08/05/2021,39920,2439,716,443
08/06/2021,40824,1865,299,129
08/07/2021,40251,2258,767,318
08/08/2021,40149,3207,511,613
08/09/2021,39612,4342,1214,716
08/10/2021,40048,2721,689,272
08/11/2021,40389,1498,461,217
08/12/2021,40577,4441,1668,716
08/13/2021,40883,1722,607,192
08/14/2021,40781,3510,1299,549
08/15/2021,40379,2836,1064,633
08/16/2021,39702,3100,759,311
08/17/2021,39274,2490,845,222
08/18/2021,39988,1694,477,328
08/19/2021,40313,700,320,73
08/20/2021,40297,3185,1250,347
08/21/2021,41006,3938,1163,866
08/22/2021,40251,2680,842,676
08/23/2021,39904,1551,440,276
08/24/2021,39461,3208,1159,379
08/25/2021,40077,2231,645,301
08/26/2021,40171,2951,616,331
08/27/2021,41028,1511,418,147
08/28/2021,41173,2369,724,512
08/29/2021,41102,1997,382,412
08/30/2021,40031,866,250,52
08/31/2021,40105,4034,1655,784
09/01/2021,40863,3520,682,420
09/02/2021,40817,3678,1588,636
09/03/2021,41114,2038,803,161
09/04/2021,40781,3917,726,421
09/05/2021,40869,3505,833,787
09/06/2021,39628,4301,1165,852
09/07/2021,39950,2034,762,186
09/08/2021,40729,3195,512,448
09/09/2021,40612,3790,1518,683
09/10/2021,40333,1917,523,302
09/11/2021,40656,1945,463,228
09/12/2021,40918,691,177,98
09/13/2021,39643,4331,1565,909
09/14/2021,39567,3157,945,362
09/15/2021,40451,3124,1057,700
09/16/2021,41202,4405,1372,460
09/17/2021,40331,2091,886,118
09/18/2021,41248,1575,291,141
09/19/2021,41297,1203,363,143
09/20/2021,39862,3346,822,446
09/21/2021,39977,3256,637,752
09/22/2021,40404,3270,867,265
09/23/2021,40580,4367,1240,713
09/24/2021,40753,728,250,141
09/25/2021,41045,4058,1012,356
09/26/2021,40797,1214,303,219
09/27/2021,39685,639,260,167
09/28/2021,40044,3885,1542,781
09/29/2021,40552,2815,1266,473
09/30/2021,40515,699,202,86
10/01/2021,40512,2059,688,177
10/02/2021,41465,3671,803,904
10/03/2021,41070,2724,821,501
10/04/2021,40665,2437,573,413
10/05/2021,40340,688,174,102
10/06/2021,40547,4400,930,437
10/07/2021,40688,1177,182,204
10/08/2021,41270,2494,976,468
10/09/2021,40597,4011,1094,408
10/10/2021,41362,2811,909,625
10/11/2021,40660,3526,1217,633
10/12/2021,40009,2392,574,269
10/13/2021,40910,2911,790,313
10/14/2021,41003,2140,647,233
10/15/2021,40978,4460,1161,596
10/16/2021,41285,2441,366,262
10/17/2021,41443,3648,805,704
10/18/2021,40554,713,136,125
10/19/2021,40019,2032,778,118
10/20/2021,41025,719,356,132
10/21/2021,41272,896,284,84
10/22/2021,41592,4431,1208,981
10/23/2021,40984,651,245,202
10/24/2021,40926,2055,529,290
10/25/2021,40584,3621,898,742
10/26/2021,41036,4395,1765,327
10/27/2021,40511,3680,1311,817
10/28/2021,41562,1188,232,227
10/29/2021,41064,1668,668,425
10/30/2021,41604,4585,1478,508
10/31/2021,40852,2905,1141,591
11/01/2021,40754,2375,411,478
11/02/2021,40138,1195,337,202
11/03/2021,41088,1201,304,198
11/04/2021,41041,788,220,127
11/05/2021,41400,1282,453,275
11/06/2021,41871,3663,1288,441
11/07/2021,41665,1952,306,375
11/08/2021,40510,4376,795,805
11/09/2021,40218,2138,420,342
11/10/2021,41319,2518,1072,431
11/11/2021,41354,1288,294,310
11/12/2021,41997,4631,993,444
11/13/2021,41039,4125,615,895
11/14/2021,41390,3565,846,905
11/15/2021,40359,1988,399,431
11/16/2021,40476,1276,239,261
11/17/2021,40679,4504,850,808
11/18/2021,41785,1198,269,144
11/19/2021,41201,856,337,106
11/20/2021,41212,3999,1191,687
11/21/2021,41358,3740,959,333
11/22/2021,40050,799,232,120
11/23/2021,40625,806,307,78
11/24/2021,40750,3717,660,386
11/25/2021,40916,4159,736,501
11/26/2021,41823,1637,541,376
11/27/2021,41622,3156,1116,287
11/28/2021,41184,1625,410,317
11/29/2021,40876,2133,601,320
11/30/2021,40556,3135,1247,466
12/01/2021,41554,765,310,81
12/02/2021,41208,4054,1805,1005
12/03/2021,41466,2074,762,423
12/04/2021,41936,4591,1993,742
12/05/2021,41848,3739,813,720
12/06/2021,40502,1954,503,314
12/07/2021,41080,4003,1249,676
12/08/2021,41720,1339,540,105
12/09/2021,41196,787,271,200
12/10/2021,41182,4268,1317,876
12/11/2021,41830,820,329,146
12/12/2021,41240,4166,1607,437
12/13/2021,41359,937,146,66
12/14/2021,41103,2065,645,184
12/15/2021,41000,2470,811,265
12/16/2021,42095,4472,724,739
12/17/2021,41973,4480,1590,935
12/18/2021,41326,4520,998,971
12/19/2021,41579,4004,1692,472
12/20/2021,41208,4085,1222,613
12/21/2021,40817,2096,443,127
12/22/2021,41244,946,369,67
12/23/2021,41907,4526,1586,1033
12/24/2021,42090,1570,613,343
12/25/2021,42311,1808,596,299
12/26/2021,42183,1712,743,116
12/27/2021,40941,3523,846,309
12/28/2021,40884,725,154,152